https://www.gurufocus.com/stock/CMCSA,,Dec08,Dec09,Dec10,Dec11,Dec12,Dec13,Dec14,Dec15,Dec16,Dec17,Pre-Tax Income,,,,,,"11,115.00","12,465.00","13,372.00","14,353.00","15,322.00"
https://www.gurufocus.com/stock/T,,Dec08,Dec09,Dec10,Dec11,Dec12,Dec13,Dec14,Dec15,Dec16,Dec17,Pre-Tax Income,,,,,,"28,050.00","10,355.00","20,692.00","19,812.00","15,139.00"
https://www.gurufocus.com/stock/WFC,,Dec08,Dec09,Dec10,Dec11,Dec12,Dec13,Dec14,Dec15,Dec16,Dec17,Pre-Tax Income,,,,,,"32,629.00","33,915.00","33,641.00","32,120.00","27,377.00"
https://www.gurufocus.com/stock/GE,,Dec08,Dec09,Dec10,Dec11,Dec12,Dec13,Dec14,Dec15,Dec16,Dec17,Pre-Tax Income,,,,,,"9,100.00","10,263.00","8,186.00","9,030.00","-8,791.00"
https://www.gurufocus.com/stock/BRK.B,,Dec08,Dec09,Dec10,Dec11,Dec12,Dec13,Dec14,Dec15,Dec16,Dec17,Pre-Tax Income,,,,,,"28,796.00","28,105.00","34,946.00","33,667.00","23,838.00"
https://www.gurufocus.com/stock/DISCK,,Dec08,Dec09,Dec10,Dec11,Dec12,Dec13,Dec14,Dec15,Dec16,Dec17,Pre-Tax Income,,,,,,"1,736.00","1,747.00","1,559.00","1,671.00",-137.00
https://www.gurufocus.com/stock/FB,,Dec10,Dec11,Dec12,Dec13,Dec14,Dec15,Dec16,Dec17,Pre-Tax Income,,,,"2,754.00","4,910.00","6,194.00","12,518.00","20,594.00"
https://www.gurufocus.com/stock/BMY,,Dec08,Dec09,Dec10,Dec11,Dec12,Dec13,Dec14,Dec15,Dec16,Dec17,Pre-Tax Income,,,,,,"2,891.00","2,381.00","2,077.00","5,915.00","5,131.00"
https://www.gurufocus.com/stock/MDLZ,,Dec08,Dec09,Dec10,Dec11,Dec12,Dec13,Dec14,Dec15,Dec16,Dec17,Pre-Tax Income,,,,,,"2,392.00","2,554.00","7,884.00","1,454.00","3,124.00"
https://www.gurufocus.com/stock/ORCL,,May09,May10,May11,May12,May13,May14,May15,May16,May17,May18,Pre-Tax Income,,,,,,"13,704.00","12,834.00","11,442.00","11,517.00","12,891.00"
https://www.gurufocus.com/stock/USB,,Dec08,Dec09,Dec10,Dec11,Dec12,Dec13,Dec14,Dec15,Dec16,Dec17,Pre-Tax Income,,,,,,"7,764.00","7,995.00","8,030.00","8,105.00","7,517.00"
https://www.gurufocus.com/stock/AAPL,,Sep08,Sep09,Sep10,Sep11,Sep12,Sep13,Sep14,Sep15,Sep16,Sep17,Pre-Tax Income,,,,,,"50,155.00","53,483.00","72,515.00","61,372.00","64,089.00"
https://www.gurufocus.com/stock/AIG,,Dec08,Dec09,Dec10,Dec11,Dec12,Dec13,Dec14,Dec15,Dec16,Dec17,Pre-Tax Income,,,,,,"9,368.00","10,501.00","3,281.00",-74.00,"1,466.00"
https://www.gurufocus.com/stock/CVS,,Dec08,Dec09,Dec10,Dec11,Dec12,Dec13,Dec14,Dec15,Dec16,Dec17,Pre-Tax Income,,,,,,"7,528.00","7,678.00","8,616.00","8,637.00","8,268.00"
https://www.gurufocus.com/stock/GILD,,Dec08,Dec09,Dec10,Dec11,Dec12,Dec13,Dec14,Dec15,Dec16,Dec17,Pre-Tax Income,,,,,,"4,208.00","14,856.00","21,659.00","17,097.00","13,529.00"
https://www.gurufocus.com/stock/AGN,,Dec08,Dec09,Dec10,Dec11,Dec12,Dec13,Dec14,Dec15,Dec16,Dec17,Pre-Tax Income,,,,,,-622.80,"-2,998.20","-4,547.50","-2,832.00","-10,386.40"
https://www.gurufocus.com/stock/APA,,Dec08,Dec09,Dec10,Dec11,Dec12,Dec13,Dec14,Dec15,Dec16,Dec17,Pre-Tax Income,,,,,,"3,908.00","-6,830.00","-12,169.00","-1,682.00",918.00
https://www.gurufocus.com/stock/BLK,,Dec08,Dec09,Dec10,Dec11,Dec12,Dec13,Dec14,Dec15,Dec16,Dec17,Pre-Tax Income,,,,,,"3,973.00","4,395.00","4,602.00","4,460.00","5,277.00"
https://www.gurufocus.com/stock/C,,Dec08,Dec09,Dec10,Dec11,Dec12,Dec13,Dec14,Dec15,Dec16,Dec17,Pre-Tax Income,,,,,,"19,802.00","14,701.00","24,826.00","21,477.00","22,761.00"
https://www.gurufocus.com/stock/DLTR,,Jan09,Jan10,Jan11,Jan12,Jan13,Jan14,Jan15,Jan16,Jan17,Jan18,Pre-Tax Income,,,,,,954.30,954.20,448.20,"1,329.40","1,704.00"
https://www.gurufocus.com/stock/DWDP,,Dec08,Dec09,Dec10,Dec11,Dec12,Dec13,Dec14,Dec15,Dec16,Dec17,Pre-Tax Income,,,,,,"6,804.00","5,265.00","9,930.00","4,413.00","1,193.00"
https://www.gurufocus.com/stock/ESRX,,Dec08,Dec09,Dec10,Dec11,Dec12,Dec13,Dec14,Dec15,Dec16,Dec17,Pre-Tax Income,,,,,,"3,030.30","3,066.20","3,863.80","4,427.10","4,929.00"
https://www.gurufocus.com/stock/EVRG,,Dec08,Dec09,Dec10,Dec11,Dec12,Dec13,Dec14,Dec15,Dec16,Dec17,Pre-Tax Income,,,,,,424.58,473.60,453.80,545.74,487.71
https://www.gurufocus.com/stock/JCI,,Sep08,Sep09,Sep10,Sep11,Sep12,Sep13,Sep14,Sep15,Sep16,Sep17,Pre-Tax Income,,,,,,"1,768.00","1,916.00",931.00,"1,061.00","2,558.00"
https://www.gurufocus.com/stock/MSFT,,Jun09,Jun10,Jun11,Jun12,Jun13,Jun14,Jun15,Jun16,Jun17,Jun18,Pre-Tax Income,,,,,,"27,820.00","18,507.00","25,639.00","29,901.00","36,474.00"
https://www.gurufocus.com/stock/PM,,Dec08,Dec09,Dec10,Dec11,Dec12,Dec13,Dec14,Dec15,Dec16,Dec17,Pre-Tax Income,,,,,,"12,542.00","10,650.00","9,615.00","9,924.00","10,589.00"
https://www.gurufocus.com/stock/VZ,,Dec08,Dec09,Dec10,Dec11,Dec12,Dec13,Dec14,Dec15,Dec16,Dec17,Pre-Tax Income,,,,,,"29,277.00","15,270.00","28,240.00","20,986.00","20,594.00"
https://www.gurufocus.com/stock/AZO,,Aug09,Aug10,Aug11,Aug12,Aug13,Aug14,Aug15,Aug16,Aug17,Aug18,Pre-Tax Income,,,,,,"1,662.71","1,802.61","1,912.71","1,925.49","1,636.33"
https://www.gurufocus.com/stock/CI,,Dec08,Dec09,Dec10,Dec11,Dec12,Dec13,Dec14,Dec15,Dec16,Dec17,Pre-Tax Income,,,,,,"2,176.00","3,304.00","3,327.00","2,979.00","3,606.00"
https://www.gurufocus.com/stock/CSCO,,Jul09,Jul10,Jul11,Jul12,Jul13,Jul14,Jul15,Jul16,Jul17,Jul18,Pre-Tax Income,,,,,,"9,715.00","11,201.00","12,920.00","12,287.00","13,039.00"
https://www.gurufocus.com/stock/EA,,Mar09,Mar10,Mar11,Mar12,Mar13,Mar14,Mar15,Mar16,Mar17,Mar18,Pre-Tax Income,,,,,,7.00,925.00,877.00,"1,210.00","1,449.00"
https://www.gurufocus.com/stock/EL,,Jun09,Jun10,Jun11,Jun12,Jun13,Jun14,Jun15,Jun16,Jun17,Jun18,Pre-Tax Income,,,,,,"1,776.80","1,561.00","1,555.00","1,617.00","1,980.00"
https://www.gurufocus.com/stock/FL,,Jan09,Jan10,Jan11,Jan12,Jan13,Jan14,Jan15,Jan16,Jan17,Jan18,Pre-Tax Income,,,,,,663.00,809.00,837.00,"1,004.00",578.00
https://www.gurufocus.com/stock/GOOG,,Dec08,Dec09,Dec10,Dec11,Dec12,Dec13,Dec14,Dec15,Dec16,Dec17,Pre-Tax Income,,,,,,"15,899.00","17,259.00","19,651.00","24,150.00","27,193.00"
https://www.gurufocus.com/stock/GS,,Nov08,Dec09,Dec10,Dec11,Dec12,Dec13,Dec14,Dec15,Dec16,Dec17,Pre-Tax Income,,,,,,"11,737.00","12,357.00","8,778.00","10,304.00","11,132.00"
https://www.gurufocus.com/stock/JEF,,Dec08,Dec09,Dec10,Dec11,Dec12,Dec13,Dec14,Dec15,Dec16,Dec17,Pre-Tax Income,,,,,,545.59,381.22,356.54,316.43,"1,013.81"
https://www.gurufocus.com/stock/JNJ,,Dec08,Dec09,Dec10,Dec11,Dec12,Dec13,Dec14,Dec15,Dec16,Dec17,Pre-Tax Income,,,,,,"15,471.00","20,563.00","19,196.00","19,803.00","17,673.00"
https://www.gurufocus.com/stock/LOW,,Jan09,Jan10,Jan11,Jan12,Jan13,Jan14,Jan15,Jan16,Jan17,Jan18,Pre-Tax Income,,,,,,"3,673.00","4,276.00","4,419.00","5,201.00","5,489.00"
https://www.gurufocus.com/stock/MCK,,Mar09,Mar10,Mar11,Mar12,Mar13,Mar14,Mar15,Mar16,Mar17,Mar18,Pre-Tax Income,,,,,,"2,171.00","2,657.00","3,250.00","6,891.00",239.00
https://www.gurufocus.com/stock/MDT,,Apr09,Apr10,Apr11,Apr12,Apr13,Apr14,Apr15,Apr16,Apr17,Apr18,Pre-Tax Income,,,,,,"3,705.00","3,486.00","4,336.00","4,602.00","5,675.00"
https://www.gurufocus.com/stock/MET,,Dec08,Dec09,Dec10,Dec11,Dec12,Dec13,Dec14,Dec15,Dec16,Dec17,Pre-Tax Income,,,,,,"4,052.00","8,804.00","5,651.00","4,281.00","3,536.00"
https://www.gurufocus.com/stock/NVDA,,Jan09,Jan10,Jan11,Jan12,Jan13,Jan14,Jan15,Jan16,Jan17,Jan18,Pre-Tax Income,,,,,,510.00,755.00,743.00,"1,905.00","3,196.00"
https://www.gurufocus.com/stock/QCOM,,Sep08,Sep09,Sep10,Sep11,Sep12,Sep13,Sep14,Sep15,Sep16,Sep17,Pre-Tax Income,,,,,,"8,194.00","8,778.00","6,487.00","6,833.00","3,020.00"
https://www.gurufocus.com/stock/REGN,,Dec08,Dec09,Dec10,Dec11,Dec12,Dec13,Dec14,Dec15,Dec16,Dec17,Pre-Tax Income,,,,,,696.38,761.24,"1,225.10","1,329.82","2,078.51"
https://www.gurufocus.com/stock/XOM,,Dec08,Dec09,Dec10,Dec11,Dec12,Dec13,Dec14,Dec15,Dec16,Dec17,Pre-Tax Income,,,,,,"57,711.00","51,630.00","21,966.00","7,969.00","18,674.00"
https://www.gurufocus.com/stock/ACN,,Aug09,Aug10,Aug11,Aug12,Aug13,Aug14,Aug15,Aug16,Aug17,Aug18,Pre-Tax Income,,,,,,"4,297.70","4,410.53","5,603.57","4,616.03","5,808.09"
https://www.gurufocus.com/stock/AET,,Dec08,Dec09,Dec10,Dec11,Dec12,Dec13,Dec14,Dec15,Dec16,Dec17,Pre-Tax Income,,,,,,"2,940.50","3,500.00","4,236.00","3,991.00","2,992.00"
https://www.gurufocus.com/stock/AMZN,,Dec08,Dec09,Dec10,Dec11,Dec12,Dec13,Dec14,Dec15,Dec16,Dec17,Pre-Tax Income,,,,,,506.00,-111.00,"1,568.00","3,892.00","3,806.00"
https://www.gurufocus.com/stock/ATVI,,Mar08,Dec09,Dec10,Dec11,Dec12,Dec13,Dec14,Dec15,Dec16,Dec17,Pre-Tax Income,,,,,,"1,319.00",981.00,"1,121.00","1,106.00","1,151.00"
https://www.gurufocus.com/stock/BEN,,Sep08,Sep09,Sep10,Sep11,Sep12,Sep13,Sep14,Sep15,Sep16,Sep17,Pre-Tax Income,,,,,,"3,026.60","3,409.60","3,028.40","2,499.80","2,549.10"
https://www.gurufocus.com/stock/BHF,,Dec14,Dec15,Dec16,Dec17,Pre-Tax Income,"1,528.00","1,462.00","-4,705.00",-615.00
https://www.gurufocus.com/stock/BK,,Dec08,Dec09,Dec10,Dec11,Dec12,Dec13,Dec14,Dec15,Dec16,Dec17,Pre-Tax Income,,,,,,"3,777.00","3,563.00","4,235.00","4,725.00","4,610.00"
https://www.gurufocus.com/stock/BKNG,,Dec08,Dec09,Dec10,Dec11,Dec12,Dec13,Dec14,Dec15,Dec16,Dec17,Pre-Tax Income,,,,,,"2,296.54","2,989.45","3,128.32","2,713.24","4,398.32"
https://www.gurufocus.com/stock/CAG,,May09,May10,May11,May12,May13,May14,May15,May16,May17,May18,Pre-Tax Income,,,,,,771.00,584.60,108.80,729.50,874.80
https://www.gurufocus.com/stock/CAH,,Jun09,Jun10,Jun11,Jun12,Jun13,Jun14,Jun15,Jun16,Jun17,Jun18,Pre-Tax Income,,,,,,"1,798.00","1,967.00","2,276.00","1,924.00",-228.00
https://www.gurufocus.com/stock/CHTR,,Dec08,Dec09,Dec10,Dec11,Dec12,Dec13,Dec14,Dec15,Dec16,Dec17,Pre-Tax Income,,,,,,-49.00,53.00,-331.00,820.00,"1,028.00"
https://www.gurufocus.com/stock/CL,,Dec08,Dec09,Dec10,Dec11,Dec12,Dec13,Dec14,Dec15,Dec16,Dec17,Pre-Tax Income,,,,,,"3,565.00","2,763.00","2,763.00","3,738.00","3,487.00"
https://www.gurufocus.com/stock/COF,,Dec08,Dec09,Dec10,Dec11,Dec12,Dec13,Dec14,Dec15,Dec16,Dec17,Pre-Tax Income,,,,,,"6,578.00","6,569.00","5,881.00","5,484.00","5,492.00"
https://www.gurufocus.com/stock/COST,,Aug08,Aug09,Aug10,Aug11,Aug12,Aug13,Aug14,Aug15,Aug16,Aug17,Pre-Tax Income,,,,,,"3,051.00","3,197.00","3,604.00","3,619.00","4,039.00"
https://www.gurufocus.com/stock/CRM,,Jan09,Jan10,Jan11,Jan12,Jan13,Jan14,Jan15,Jan16,Jan17,Jan18,Pre-Tax Income,,,,,,-357.94,-213.09,64.28,25.38,202.11
https://www.gurufocus.com/stock/CVX,,Dec08,Dec09,Dec10,Dec11,Dec12,Dec13,Dec14,Dec15,Dec16,Dec17,Pre-Tax Income,,,,,,"35,905.00","31,202.00","4,842.00","-2,160.00","9,221.00"
https://www.gurufocus.com/stock/DAL,,Dec08,Dec09,Dec10,Dec11,Dec12,Dec13,Dec14,Dec15,Dec16,Dec17,Pre-Tax Income,,,,,,"2,527.00","1,072.00","7,157.00","6,636.00","5,701.00"
https://www.gurufocus.com/stock/EBAY,,Dec08,Dec09,Dec10,Dec11,Dec12,Dec13,Dec14,Dec15,Dec16,Dec17,Pre-Tax Income,,,,,,"2,571.00","2,515.00","2,406.00","3,651.00","2,276.00"
https://www.gurufocus.com/stock/ETN,,Dec08,Dec09,Dec10,Dec11,Dec12,Dec13,Dec14,Dec15,Dec16,Dec17,Pre-Tax Income,,,,,,"1,884.00","1,761.00","2,133.00","2,118.00","3,368.00"
https://www.gurufocus.com/stock/EVHC,,Dec08,Dec09,Dec10,Dec11,Dec12,Dec13,Dec14,Dec15,Dec16,Dec17,Pre-Tax Income,,,,,,303.15,294.20,496.00,198.20,-30.90
https://www.gurufocus.com/stock/FCX,,Dec08,Dec09,Dec10,Dec11,Dec12,Dec13,Dec14,Dec15,Dec16,Dec17,Pre-Tax Income,,,,,,"4,913.00",-800.00,"-14,128.00","-3,472.00","2,902.00"
https://www.gurufocus.com/stock/FOX,,Jun09,Jun10,Jun11,Jun12,Jun13,Jun14,Jun15,Jun16,Jun17,Jun18,Pre-Tax Income,,,,,,"5,189.00","9,847.00","4,154.00","4,689.00","4,410.00"
https://www.gurufocus.com/stock/FOXA,,Jun09,Jun10,Jun11,Jun12,Jun13,Jun14,Jun15,Jun16,Jun17,Jun18,Pre-Tax Income,,,,,,"5,189.00","9,847.00","4,154.00","4,689.00","4,410.00"
https://www.gurufocus.com/stock/ITW,,Dec08,Dec09,Dec10,Dec11,Dec12,Dec13,Dec14,Dec15,Dec16,Dec17,Pre-Tax Income,,,,,,"2,347.00","2,699.00","2,719.00","2,908.00","3,270.00"
https://www.gurufocus.com/stock/KEY,,Dec08,Dec09,Dec10,Dec11,Dec12,Dec13,Dec14,Dec15,Dec16,Dec17,Pre-Tax Income,,,,,,"1,141.00","1,272.00","1,222.00",968.00,"1,928.00"
https://www.gurufocus.com/stock/KMB,,Dec08,Dec09,Dec10,Dec11,Dec12,Dec13,Dec14,Dec15,Dec16,Dec17,Pre-Tax Income,,,,,,"2,641.00","2,255.00","1,335.00","3,009.00","2,991.00"
https://www.gurufocus.com/stock/LEN,,Nov08,Nov09,Nov10,Nov11,Nov12,Nov13,Nov14,Nov15,Nov16,Nov17,Pre-Tax Income,,,,,,681.94,969.78,"1,209.62","1,330.47","1,189.61"
https://www.gurufocus.com/stock/LRCX,,Jun09,Jun10,Jun11,Jun12,Jun13,Jun14,Jun15,Jun16,Jun17,Jun18,Pre-Tax Income,,,,,,723.36,740.85,960.12,"1,811.67","3,151.79"
https://www.gurufocus.com/stock/MAT,,Dec08,Dec09,Dec10,Dec11,Dec12,Dec13,Dec14,Dec15,Dec16,Dec17,Pre-Tax Income,,,,,,"1,099.13",586.91,463.92,409.74,-504.99
https://www.gurufocus.com/stock/MHK,,Dec08,Dec09,Dec10,Dec11,Dec12,Dec13,Dec14,Dec15,Dec16,Dec17,Pre-Tax Income,,,,,,445.57,663.89,748.86,"1,241.13","1,317.86"
https://www.gurufocus.com/stock/MU,,Aug09,Aug10,Aug11,Aug12,Aug13,Aug14,Aug15,Aug16,Aug17,Aug18,Pre-Tax Income,,,,,,"2,733.00","2,609.00",-281.00,"5,196.00","14,307.00"
https://www.gurufocus.com/stock/NWL,,Dec08,Dec09,Dec10,Dec11,Dec12,Dec13,Dec14,Dec15,Dec16,Dec17,Pre-Tax Income,,,,,,536.30,462.10,337.50,814.50,"1,429.00"
https://www.gurufocus.com/stock/PEP,,Dec08,Dec09,Dec10,Dec11,Dec12,Dec13,Dec14,Dec15,Dec16,Dec17,Pre-Tax Income,,,,,,"8,891.00","8,757.00","7,442.00","8,553.00","9,602.00"
https://www.gurufocus.com/stock/PG,,Jun09,Jun10,Jun11,Jun12,Jun13,Jun14,Jun15,Jun16,Jun17,Jun18,Pre-Tax Income,,,,,,"13,509.00","11,012.00","13,369.00","13,257.00","13,326.00"
https://www.gurufocus.com/stock/PNC,,Dec08,Dec09,Dec10,Dec11,Dec12,Dec13,Dec14,Dec15,Dec16,Dec17,Pre-Tax Income,,,,,,"5,688.00","5,614.00","5,507.00","5,253.00","5,490.00"
https://www.gurufocus.com/stock/PPL,,Dec08,Dec09,Dec10,Dec11,Dec12,Dec13,Dec14,Dec15,Dec16,Dec17,Pre-Tax Income,,,,,,"1,728.00","2,129.00","2,068.00","2,550.00","1,912.00"
https://www.gurufocus.com/stock/PXD,,Dec08,Dec09,Dec10,Dec11,Dec12,Dec13,Dec14,Dec15,Dec16,Dec17,Pre-Tax Income,,,,,,-574.00,"1,597.00",-421.00,-959.00,309.00
https://www.gurufocus.com/stock/SJM,,Apr09,Apr10,Apr11,Apr12,Apr13,Apr14,Apr15,Apr16,Apr17,Apr18,Pre-Tax Income,,,,,,849.70,523.00,977.90,878.40,861.00
https://www.gurufocus.com/stock/UNH,,Dec08,Dec09,Dec10,Dec11,Dec12,Dec13,Dec14,Dec15,Dec16,Dec17,Pre-Tax Income,,,,,,"8,915.00","9,656.00","10,231.00","11,863.00","14,023.00"
https://www.gurufocus.com/stock/UTX,,Dec08,Dec09,Dec10,Dec11,Dec12,Dec13,Dec14,Dec15,Dec16,Dec17,Pre-Tax Income,,,,,,"7,654.00","8,712.00","6,467.00","7,133.00","7,763.00"
https://www.gurufocus.com/stock/V,,Sep08,Sep09,Sep10,Sep11,Sep12,Sep13,Sep14,Sep15,Sep16,Sep17,Pre-Tax Income,,,,,,"7,257.00","7,724.00","8,995.00","8,012.00","11,694.00"
https://www.gurufocus.com/stock/VNO,,Dec08,Dec09,Dec10,Dec11,Dec12,Dec13,Dec14,Dec15,Dec16,Dec17,Pre-Tax Income,,,,,,-12.07,432.63,550.91,584.24,318.45
https://www.gurufocus.com/stock/WLTW,,Dec08,Dec09,Dec10,Dec11,Dec12,Dec13,Dec14,Dec15,Dec16,Dec17,Pre-Tax Income,,,,,,499.00,518.00,340.00,340.00,489.00
https://www.gurufocus.com/stock/A,,Oct08,Oct09,Oct10,Oct11,Oct12,Oct13,Oct14,Oct15,Oct16,Oct17,Pre-Tax Income,,,,,,293.00,229.00,480.00,544.00,803.00
https://www.gurufocus.com/stock/ABBV,,Dec09,Dec10,Dec11,Dec12,Dec13,Dec14,Dec15,Dec16,Dec17,Pre-Tax Income,,,,,"5,332.00","2,369.00","6,645.00","7,884.00","7,727.00"
https://www.gurufocus.com/stock/ABT,,Dec08,Dec09,Dec10,Dec11,Dec12,Dec13,Dec14,Dec15,Dec16,Dec17,Pre-Tax Income,,,,,,"2,041.00","2,518.00","3,183.00","1,413.00","2,231.00"
https://www.gurufocus.com/stock/ANTM,,Dec08,Dec09,Dec10,Dec11,Dec12,Dec13,Dec14,Dec15,Dec16,Dec17,Pre-Tax Income,,,,,,"3,840.20","4,368.10","4,631.00","4,555.40","3,963.80"
https://www.gurufocus.com/stock/AVB,,Dec08,Dec09,Dec10,Dec11,Dec12,Dec13,Dec14,Dec15,Dec16,Dec17,Pre-Tax Income,,,,,,57.83,668.52,743.22,"1,034.01",876.80
https://www.gurufocus.com/stock/BIIB,,Dec08,Dec09,Dec10,Dec11,Dec12,Dec13,Dec14,Dec15,Dec16,Dec17,Pre-Tax Income,,,,,,"2,480.60","3,946.60","4,767.30","4,933.00","5,128.80"
https://www.gurufocus.com/stock/CB,,Dec08,Dec09,Dec10,Dec11,Dec12,Dec13,Dec14,Dec15,Dec16,Dec17,Pre-Tax Income,,,,,,"4,238.00","3,487.00","3,296.00","4,950.00","3,722.00"
https://www.gurufocus.com/stock/CBS,,Dec08,Dec09,Dec10,Dec11,Dec12,Dec13,Dec14,Dec15,Dec16,Dec17,Pre-Tax Income,,,,,,"2,665.00","1,858.00","2,264.00","2,230.00","1,979.00"
https://www.gurufocus.com/stock/CMA,,Dec08,Dec09,Dec10,Dec11,Dec12,Dec13,Dec14,Dec15,Dec16,Dec17,Pre-Tax Income,,,,,,786.00,870.00,750.00,670.00,"1,234.00"
https://www.gurufocus.com/stock/CME,,Dec08,Dec09,Dec10,Dec11,Dec12,Dec13,Dec14,Dec15,Dec16,Dec17,Pre-Tax Income,,,,,,"1,601.00","1,771.40","1,956.80","2,287.60","2,526.30"
https://www.gurufocus.com/stock/CMI,,Dec08,Dec09,Dec10,Dec11,Dec12,Dec13,Dec14,Dec15,Dec16,Dec17,Pre-Tax Income,,,,,,"2,119.00","2,434.00","2,025.00","1,930.00","2,365.00"
https://www.gurufocus.com/stock/CNC,,Dec08,Dec09,Dec10,Dec11,Dec12,Dec13,Dec14,Dec15,Dec16,Dec17,Pre-Tax Income,,,,,,269.00,457.00,697.00,"1,157.00","1,134.00"
https://www.gurufocus.com/stock/COP,,Dec08,Dec09,Dec10,Dec11,Dec12,Dec13,Dec14,Dec15,Dec16,Dec17,Pre-Tax Income,,,,,,"14,446.00","9,390.00","-7,239.00","-5,530.00","-2,615.00"
https://www.gurufocus.com/stock/CXO,,Dec08,Dec09,Dec10,Dec11,Dec12,Dec13,Dec14,Dec15,Dec16,Dec17,Pre-Tax Income,,,,,,357.16,855.96,97.00,"-2,338.00",881.00
https://www.gurufocus.com/stock/DIS,,Sep08,Sep09,Sep10,Sep11,Sep12,Sep13,Sep14,Sep15,Sep16,Sep17,Pre-Tax Income,,,,,,"9,620.00","12,246.00","13,868.00","14,868.00","13,788.00"
https://www.gurufocus.com/stock/DISH,,Dec08,Dec09,Dec10,Dec11,Dec12,Dec13,Dec14,Dec15,Dec16,Dec17,Pre-Tax Income,,,,,,"1,136.92","1,205.74","1,235.20","2,416.60","1,650.09"
https://www.gurufocus.com/stock/DVN,,Dec08,Dec09,Dec10,Dec11,Dec12,Dec13,Dec14,Dec15,Dec16,Dec17,Pre-Tax Income,,,,,,149.00,"4,059.00","-19,858.00","-1,317.00",896.00
https://www.gurufocus.com/stock/DXC,,Mar09,Mar10,Mar11,Mar12,Mar13,Mar14,Mar15,Mar16,Mar17,Mar18,Pre-Tax Income,,,,,,910.00,-276.00,10.00,-174.00,"1,671.00"
https://www.gurufocus.com/stock/EQR,,Dec08,Dec09,Dec10,Dec11,Dec12,Dec13,Dec14,Dec15,Dec16,Dec17,Pre-Tax Income,,,,,,-167.01,658.50,908.54,"4,481.20",628.86
https://www.gurufocus.com/stock/EW,,Dec08,Dec09,Dec10,Dec11,Dec12,Dec13,Dec14,Dec15,Dec16,Dec17,Pre-Tax Income,,,,,,511.20,"1,144.00",622.40,737.90,"1,034.90"
https://www.gurufocus.com/stock/FBHS,,Dec09,Dec10,Dec11,Dec12,Dec13,Dec14,Dec15,Dec16,Dec17,Pre-Tax Income,,,,,310.50,391.90,459.90,582.10,634.80
https://www.gurufocus.com/stock/FLR,,Dec08,Dec09,Dec10,Dec11,Dec12,Dec13,Dec14,Dec15,Dec16,Dec17,Pre-Tax Income,,,,,,"1,177.60","1,204.91",726.55,546.60,386.44
https://www.gurufocus.com/stock/GOOGL,,Dec08,Dec09,Dec10,Dec11,Dec12,Dec13,Dec14,Dec15,Dec16,Dec17,Pre-Tax Income,,,,,,"15,899.00","17,259.00","19,651.00","24,150.00","27,193.00"
https://www.gurufocus.com/stock/GT,,Dec08,Dec09,Dec10,Dec11,Dec12,Dec13,Dec14,Dec15,Dec16,Dec17,Pre-Tax Income,,,,,,813.00,687.00,608.00,"1,207.00",878.00
https://www.gurufocus.com/stock/HCA,,Dec08,Dec09,Dec10,Dec11,Dec12,Dec13,Dec14,Dec15,Dec16,Dec17,Pre-Tax Income,,,,,,"2,946.00","3,481.00","3,957.00","4,810.00","4,381.00"
https://www.gurufocus.com/stock/HCP,,Dec08,Dec09,Dec10,Dec11,Dec12,Dec13,Dec14,Dec15,Dec16,Dec17,Pre-Tax Income,,,,,,852.02,274.41,136.27,367.28,410.40
https://www.gurufocus.com/stock/HD,,Jan09,Jan10,Jan11,Jan12,Jan13,Jan14,Jan15,Jan16,Jan17,Jan18,Pre-Tax Income,,,,,,"8,467.00","9,976.00","11,021.00","12,491.00","13,698.00"
https://www.gurufocus.com/stock/HPE,,Oct12,Oct13,Oct14,Oct15,Oct16,Oct17,Pre-Tax Income,,"2,871.00","2,244.00","1,935.00","3,860.00",272.00
https://www.gurufocus.com/stock/HPQ,,Oct08,Oct09,Oct10,Oct11,Oct12,Oct13,Oct14,Oct15,Oct16,Oct17,Pre-Tax Income,,,,,,"6,510.00","3,863.00","3,532.00","3,761.00","3,276.00"
https://www.gurufocus.com/stock/ICE,,Dec08,Dec09,Dec10,Dec11,Dec12,Dec13,Dec14,Dec15,Dec16,Dec17,Pre-Tax Income,,,,,,504.00,"1,407.00","1,653.00","2,029.00","2,517.00"
https://www.gurufocus.com/stock/INTC,,Dec08,Dec09,Dec10,Dec11,Dec12,Dec13,Dec14,Dec15,Dec16,Dec17,Pre-Tax Income,,,,,,"12,611.00","15,801.00","14,212.00","12,936.00","20,352.00"
https://www.gurufocus.com/stock/IPG,,Dec08,Dec09,Dec10,Dec11,Dec12,Dec13,Dec14,Dec15,Dec16,Dec17,Pre-Tax Income,,,,,,468.00,720.70,762.20,830.20,876.00
https://www.gurufocus.com/stock/ISRG,,Dec08,Dec09,Dec10,Dec11,Dec12,Dec13,Dec14,Dec15,Dec16,Dec17,Pre-Tax Income,,,,,,870.90,549.00,758.50,980.80,"1,096.50"
https://www.gurufocus.com/stock/IT,,Dec08,Dec09,Dec10,Dec11,Dec12,Dec13,Dec14,Dec15,Dec16,Dec17,Pre-Tax Income,,,,,,266.44,274.68,272.21,288.43,-127.82
https://www.gurufocus.com/stock/IVZ,,Dec08,Dec09,Dec10,Dec11,Dec12,Dec13,Dec14,Dec15,Dec16,Dec17,Pre-Tax Income,,,,,,"1,255.20","1,395.10","1,362.10","1,206.60","1,429.20"
https://www.gurufocus.com/stock/JEC,,Sep08,Sep09,Sep10,Sep11,Sep12,Sep13,Sep14,Sep15,Sep16,Sep17,Pre-Tax Income,,,,,,661.55,542.17,430.14,286.72,393.22
https://www.gurufocus.com/stock/JPM,,Dec08,Dec09,Dec10,Dec11,Dec12,Dec13,Dec14,Dec15,Dec16,Dec17,Pre-Tax Income,,,,,,"26,675.00","30,699.00","30,702.00","34,536.00","35,900.00"
https://www.gurufocus.com/stock/K,,Dec08,Dec09,Dec10,Dec11,Dec12,Dec13,Dec14,Dec15,Dec16,Dec17,Pre-Tax Income,,,,,,"2,606.00",825.00,773.00,927.00,"1,674.00"
https://www.gurufocus.com/stock/KMI,,Dec08,Dec09,Dec10,Dec11,Dec12,Dec13,Dec14,Dec15,Dec16,Dec17,Pre-Tax Income,,,,,,"3,438.00","3,091.00",772.00,"1,638.00","2,161.00"
https://www.gurufocus.com/stock/KMX,,Feb09,Feb10,Feb11,Feb12,Feb13,Feb14,Feb15,Feb16,Feb17,Feb18,Pre-Tax Income,,,,,,797.32,969.33,"1,009.94","1,006.41","1,063.61"
https://www.gurufocus.com/stock/LUV,,Dec08,Dec09,Dec10,Dec11,Dec12,Dec13,Dec14,Dec15,Dec16,Dec17,Pre-Tax Income,,,,,,"1,209.00","1,816.00","3,479.00","3,547.00","3,251.00"
https://www.gurufocus.com/stock/MA,,Dec08,Dec09,Dec10,Dec11,Dec12,Dec13,Dec14,Dec15,Dec16,Dec17,Pre-Tax Income,,,,,,"4,500.00","5,079.00","4,958.00","5,646.00","6,522.00"
https://www.gurufocus.com/stock/MCO,,Dec08,Dec09,Dec10,Dec11,Dec12,Dec13,Dec14,Dec15,Dec16,Dec17,Pre-Tax Income,,,,,,"1,169.30","1,461.00","1,379.60",558.00,"1,786.80"
https://www.gurufocus.com/stock/MRK,,Dec08,Dec09,Dec10,Dec11,Dec12,Dec13,Dec14,Dec15,Dec16,Dec17,Pre-Tax Income,,,,,,"5,545.00","17,283.00","5,401.00","4,659.00","6,521.00"
https://www.gurufocus.com/stock/MRO,,Dec08,Dec09,Dec10,Dec11,Dec12,Dec13,Dec14,Dec15,Dec16,Dec17,Pre-Tax Income,,,,,,"2,393.00","1,361.00","-2,439.00","-1,164.00",-454.00
https://www.gurufocus.com/stock/MTB,,Dec08,Dec09,Dec10,Dec11,Dec12,Dec13,Dec14,Dec15,Dec16,Dec17,Pre-Tax Income,,,,,,"1,765.57","1,642.25","1,674.69","2,058.40","2,323.86"
https://www.gurufocus.com/stock/NRG,,Dec08,Dec09,Dec10,Dec11,Dec12,Dec13,Dec14,Dec15,Dec16,Dec17,Pre-Tax Income,,,,,,-634.00,135.00,"-4,986.00",-978.00,"-1,540.00"
https://www.gurufocus.com/stock/OMC,,Dec08,Dec09,Dec10,Dec11,Dec12,Dec13,Dec14,Dec15,Dec16,Dec17,Pre-Tax Income,,,,,,"1,660.90","1,810.00","1,778.60","1,841.80","1,884.90"
https://www.gurufocus.com/stock/OXY,,Dec08,Dec09,Dec10,Dec11,Dec12,Dec13,Dec14,Dec15,Dec16,Dec17,Pre-Tax Income,,,,,,"7,751.00","1,224.00","-9,684.00","-1,845.00",971.00
https://www.gurufocus.com/stock/PCG,,Dec08,Dec09,Dec10,Dec11,Dec12,Dec13,Dec14,Dec15,Dec16,Dec17,Pre-Tax Income,,,,,,"1,096.00","1,795.00",861.00,"1,462.00","2,171.00"
https://www.gurufocus.com/stock/PFE,,Dec08,Dec09,Dec10,Dec11,Dec12,Dec13,Dec14,Dec15,Dec16,Dec17,Pre-Tax Income,,,,,,"15,716.00","12,240.00","8,965.00","8,351.00","12,305.00"
https://www.gurufocus.com/stock/PH,,Jun09,Jun10,Jun11,Jun12,Jun13,Jun14,Jun15,Jun16,Jun17,Jun18,Pre-Tax Income,,,,,,"1,556.72","1,432.24","1,114.73","1,328.64","1,702.28"
https://www.gurufocus.com/stock/PSX,,Dec09,Dec10,Dec11,Dec12,Dec13,Dec14,Dec15,Dec16,Dec17,Pre-Tax Income,,,,,"5,526.00","5,745.00","6,044.00","2,191.00","3,555.00"
https://www.gurufocus.com/stock/RCL,,Dec08,Dec09,Dec10,Dec11,Dec12,Dec13,Dec14,Dec15,Dec16,Dec17,Pre-Tax Income,,,,,,473.69,764.15,665.78,"1,283.39","1,625.13"
https://www.gurufocus.com/stock/SBUX,,Sep08,Sep09,Sep10,Sep11,Sep12,Sep13,Sep14,Sep15,Sep16,Sep17,Pre-Tax Income,,,,,,-229.90,"3,159.70","3,903.00","4,198.60","4,317.50"
https://www.gurufocus.com/stock/SCHW,,Dec08,Dec09,Dec10,Dec11,Dec12,Dec13,Dec14,Dec15,Dec16,Dec17,Pre-Tax Income,,,,,,"1,705.00","2,115.00","2,279.00","2,993.00","3,650.00"
https://www.gurufocus.com/stock/SLB,,Dec08,Dec09,Dec10,Dec11,Dec12,Dec13,Dec14,Dec15,Dec16,Dec17,Pre-Tax Income,,,,,,"8,691.00","7,639.00","2,881.00","-1,905.00","-1,183.00"
https://www.gurufocus.com/stock/SNA,,Dec08,Dec09,Dec10,Dec11,Dec12,Dec13,Dec14,Dec15,Dec16,Dec17,Pre-Tax Income,,,,,,526.20,630.90,710.50,801.40,821.90
https://www.gurufocus.com/stock/SO,,Dec08,Dec09,Dec10,Dec11,Dec12,Dec13,Dec14,Dec15,Dec16,Dec17,Pre-Tax Income,,,,,,"2,559.00","3,008.00","3,629.00","3,480.00","1,068.00"
https://www.gurufocus.com/stock/SRCL,,Dec08,Dec09,Dec10,Dec11,Dec12,Dec13,Dec14,Dec15,Dec16,Dec17,Pre-Tax Income,,,,,,477.75,487.57,410.90,328.10,-107.90
https://www.gurufocus.com/stock/STT,,Dec08,Dec09,Dec10,Dec11,Dec12,Dec13,Dec14,Dec15,Dec16,Dec17,Pre-Tax Income,,,,,,"2,666.00","2,437.00","2,298.00","2,120.00","2,899.00"
https://www.gurufocus.com/stock/STZ,,Feb09,Feb10,Feb11,Feb12,Feb13,Feb14,Feb15,Feb16,Feb17,Feb18,Pre-Tax Income,,,,,,"2,202.30","1,179.60","1,501.20","2,093.40","2,342.70"
https://www.gurufocus.com/stock/SYK,,Dec08,Dec09,Dec10,Dec11,Dec12,Dec13,Dec14,Dec15,Dec16,Dec17,Pre-Tax Income,,,,,,"1,212.00","1,160.00","1,735.00","1,921.00","2,063.00"
https://www.gurufocus.com/stock/TAP,,Dec08,Dec09,Dec10,Dec11,Dec12,Dec13,Dec14,Dec15,Dec16,Dec17,Pre-Tax Income,,,,,,654.50,586.30,456.10,"3,056.90","1,381.70"
https://www.gurufocus.com/stock/TPR,,Jun09,Jun10,Jun11,Jun12,Jun13,Jun14,Jun15,Jun16,Jun17,Jun18,Pre-Tax Income,,,,,,"1,122.30",611.60,626.60,759.00,596.80
https://www.gurufocus.com/stock/TRV,,Dec08,Dec09,Dec10,Dec11,Dec12,Dec13,Dec14,Dec15,Dec16,Dec17,Pre-Tax Income,,,,,,"4,945.00","5,089.00","4,740.00","4,053.00","2,730.00"
https://www.gurufocus.com/stock/TSN,,Sep08,Sep09,Sep10,Sep11,Sep12,Sep13,Sep14,Sep15,Sep16,Sep17,Pre-Tax Income,,,,,,"1,257.00","1,252.00","1,921.00","2,598.00","2,628.00"
https://www.gurufocus.com/stock/TXN,,Dec08,Dec09,Dec10,Dec11,Dec12,Dec13,Dec14,Dec15,Dec16,Dec17,Pre-Tax Income,,,,,,"2,754.00","3,874.00","4,216.00","4,930.00","6,080.00"
https://www.gurufocus.com/stock/VIAB,,Dec07,Dec08,Dec09,Sep11,Sep12,Sep13,Sep14,Sep15,Sep16,Sep17,Pre-Tax Income,,,,,,"3,519.00","3,514.00","2,503.00","1,990.00","2,212.00"
https://www.gurufocus.com/stock/WBA,,Aug08,Aug09,Aug10,Aug11,Aug12,Aug13,Aug14,Aug15,Aug16,Aug17,Pre-Tax Income,,,,,,"4,047.00","3,557.00","5,311.00","5,144.00","4,853.00"
https://www.gurufocus.com/stock/WDC,,Jun09,Jun10,Jun11,Jun12,Jun13,Jun14,Jun15,Jun16,Jun17,Jun18,Pre-Tax Income,,,,,,"1,752.00","1,577.00",153.00,769.00,"2,085.00"
https://www.gurufocus.com/stock/ZBH,,Dec08,Dec09,Dec10,Dec11,Dec12,Dec13,Dec14,Dec15,Dec16,Dec17,Pre-Tax Income,,,,,,"1,008.10",939.40,153.20,399.60,464.60
https://www.gurufocus.com/stock/ABC,,Sep08,Sep09,Sep10,Sep11,Sep12,Sep13,Sep14,Sep15,Sep16,Sep17,Pre-Tax Income,,,,,,824.46,669.86,268.96,"1,390.91",917.89
https://www.gurufocus.com/stock/ADBE,,Nov08,Nov09,Nov10,Nov11,Nov12,Nov13,Nov14,Nov15,Nov16,Nov17,Pre-Tax Income,,,,,,356.14,361.38,873.78,"1,435.14","2,137.64"
https://www.gurufocus.com/stock/ADI,,Oct08,Oct09,Oct10,Oct11,Oct12,Oct13,Oct14,Oct15,Oct16,Oct17,Pre-Tax Income,,,,,,815.32,729.35,810.11,956.92,828.49
https://www.gurufocus.com/stock/ADP,,Jun09,Jun10,Jun11,Jun12,Jun13,Jun14,Jun15,Jun16,Jun17,Jun18,Pre-Tax Income,,,,,,"1,879.20","2,070.70","2,234.70","2,531.10","2,171.10"
https://www.gurufocus.com/stock/ADS,,Dec08,Dec09,Dec10,Dec11,Dec12,Dec13,Dec14,Dec15,Dec16,Dec17,Pre-Tax Income,,,,,,793.41,837.90,931.60,837.00,"1,081.10"
https://www.gurufocus.com/stock/AFL,,Dec08,Dec09,Dec10,Dec11,Dec12,Dec13,Dec14,Dec15,Dec16,Dec17,Pre-Tax Income,,,,,,"4,816.00","4,491.00","3,862.00","4,067.00","4,018.00"
https://www.gurufocus.com/stock/AJG,,Dec08,Dec09,Dec10,Dec11,Dec12,Dec13,Dec14,Dec15,Dec16,Dec17,Pre-Tax Income,,,,,,291.00,291.50,293.50,356.90,378.10
https://www.gurufocus.com/stock/ALB,,Dec08,Dec09,Dec10,Dec11,Dec12,Dec13,Dec14,Dec15,Dec16,Dec17,Pre-Tax Income,,,,,,538.44,213.18,310.74,515.26,446.80
https://www.gurufocus.com/stock/AMAT,,Oct08,Oct09,Oct10,Oct11,Oct12,Oct13,Oct14,Oct15,Oct16,Oct17,Pre-Tax Income,,,,,,350.00,"1,448.00","1,598.00","2,013.00","3,731.00"
https://www.gurufocus.com/stock/AMG,,Dec08,Dec09,Dec10,Dec11,Dec12,Dec13,Dec14,Dec15,Dec16,Dec17,Pre-Tax Income,,,,,,863.70,"1,013.50","1,090.60",974.60,"1,067.10"
https://www.gurufocus.com/stock/AMGN,,Dec08,Dec09,Dec10,Dec11,Dec12,Dec13,Dec14,Dec15,Dec16,Dec17,Pre-Tax Income,,,,,,"5,265.00","5,585.00","7,978.00","9,163.00","9,597.00"
https://www.gurufocus.com/stock/AMT,,Dec08,Dec09,Dec10,Dec11,Dec12,Dec13,Dec14,Dec15,Dec16,Dec17,Pre-Tax Income,,,,,,541.75,865.70,830.00,"1,125.90","1,256.10"
https://www.gurufocus.com/stock/ANDV,,Dec08,Dec09,Dec10,Dec11,Dec12,Dec13,Dec14,Dec15,Dec16,Dec17,Pre-Tax Income,,,,,,680.00,"1,464.00","2,630.00","1,277.00","1,115.00"
https://www.gurufocus.com/stock/AON,,Dec08,Dec09,Dec10,Dec11,Dec12,Dec13,Dec14,Dec15,Dec16,Dec17,Pre-Tax Income,,,,,,"1,538.00","1,765.00","1,428.00","1,401.00",685.00
https://www.gurufocus.com/stock/AOS,,Dec08,Dec09,Dec10,Dec11,Dec12,Dec13,Dec14,Dec15,Dec16,Dec17,Pre-Tax Income,,,,,,236.40,286.70,402.50,462.50,520.80
https://www.gurufocus.com/stock/APH,,Dec08,Dec09,Dec10,Dec11,Dec12,Dec13,Dec14,Dec15,Dec16,Dec17,Pre-Tax Income,,,,,,846.60,972.50,"1,052.80","1,141.10","1,352.40"
https://www.gurufocus.com/stock/ARNC,,Dec14,Dec15,Dec16,Dec17,Pre-Tax Income,113.00,183.00,414.00,470.00
https://www.gurufocus.com/stock/AVGO,,Oct08,Oct09,Oct10,Oct11,Oct12,Oct13,Oct14,Oct15,Oct16,Oct17,Pre-Tax Income,,,,,,568.00,342.00,"1,467.00","-1,107.00","1,825.00"
https://www.gurufocus.com/stock/AXP,,Dec08,Dec09,Dec10,Dec11,Dec12,Dec13,Dec14,Dec15,Dec16,Dec17,Pre-Tax Income,,,,,,"7,888.00","8,991.00","7,938.00","8,096.00","7,414.00"
https://www.gurufocus.com/stock/BAC,,Dec08,Dec09,Dec10,Dec11,Dec12,Dec13,Dec14,Dec15,Dec16,Dec17,Pre-Tax Income,,,,,,"16,172.00","7,963.00","22,187.00","25,021.00","29,213.00"
https://www.gurufocus.com/stock/BBY,,Feb09,Feb10,Feb11,Feb12,Jan13,Jan14,Jan15,Jan16,Jan17,Jan18,Pre-Tax Income,,,,,,"1,083.00","1,387.00","1,310.00","1,816.00","1,817.00"
https://www.gurufocus.com/stock/BLL,,Dec08,Dec09,Dec10,Dec11,Dec12,Dec13,Dec14,Dec15,Dec16,Dec17,Pre-Tax Income,,,,,,583.60,646.00,346.00,125.00,514.00
https://www.gurufocus.com/stock/BR,,Jun09,Jun10,Jun11,Jun12,Jun13,Jun14,Jun15,Jun16,Jun17,Jun18,Pre-Tax Income,,,,,,395.50,438.90,468.90,488.10,561.00
https://www.gurufocus.com/stock/BSX,,Dec08,Dec09,Dec10,Dec11,Dec12,Dec13,Dec14,Dec15,Dec16,Dec17,Pre-Tax Income,,,,,,-223.00,-509.00,-650.00,177.00,933.00
https://www.gurufocus.com/stock/CAT,,Dec08,Dec09,Dec10,Dec11,Dec12,Dec13,Dec14,Dec15,Dec16,Dec17,Pre-Tax Income,,,,,,"5,128.00","3,152.00","3,439.00",139.00,"4,082.00"
https://www.gurufocus.com/stock/CCI,,Dec08,Dec09,Dec10,Dec11,Dec12,Dec13,Dec14,Dec15,Dec16,Dec17,Pre-Tax Income,,,,,,251.00,335.07,473.83,373.85,470.59
https://www.gurufocus.com/stock/CCL,,Nov08,Nov09,Nov10,Nov11,Nov12,Nov13,Nov14,Nov15,Nov16,Nov17,Pre-Tax Income,,,,,,"1,049.00","1,225.00","1,799.00","2,828.00","2,666.00"
https://www.gurufocus.com/stock/CELG,,Dec08,Dec09,Dec10,Dec11,Dec12,Dec13,Dec14,Dec15,Dec16,Dec17,Pre-Tax Income,,,,,,"1,665.40","2,327.40","2,023.00","2,372.00","4,314.00"
https://www.gurufocus.com/stock/CFG,,Dec11,Dec12,Dec13,Dec14,Dec15,Dec16,Dec17,Pre-Tax Income,,,"-3,468.00","1,268.00","1,263.00","1,534.00","1,912.00"
https://www.gurufocus.com/stock/CLX,,Jun09,Jun10,Jun11,Jun12,Jun13,Jun14,Jun15,Jun16,Jun17,Jun18,Pre-Tax Income,,,,,,884.00,921.00,983.00,"1,033.00","1,054.00"
https://www.gurufocus.com/stock/COG,,Dec08,Dec09,Dec10,Dec11,Dec12,Dec13,Dec14,Dec15,Dec16,Dec17,Pre-Tax Income,,,,,,485.54,32.40,-187.27,-659.60,-228.44
https://www.gurufocus.com/stock/COL,,Sep08,Sep09,Sep10,Sep11,Sep12,Sep13,Sep14,Sep15,Sep16,Sep17,Pre-Tax Income,,,,,,865.00,882.00,962.00,935.00,931.00
https://www.gurufocus.com/stock/COTY,,Jun10,Jun11,Jun12,Jun13,Jun14,Jun15,Jun16,Jun17,Jun18,Pre-Tax Income,,,,,-44.10,233.30,138.80,-658.00,-152.50
https://www.gurufocus.com/stock/CSX,,Dec08,Dec09,Dec10,Dec11,Dec12,Dec13,Dec14,Dec15,Dec16,Dec17,Pre-Tax Income,,,,,,"2,922.00","3,044.00","3,138.00","2,741.00","3,142.00"
https://www.gurufocus.com/stock/CTL,,Dec08,Dec09,Dec10,Dec11,Dec12,Dec13,Dec14,Dec15,Dec16,Dec17,Pre-Tax Income,,,,,,224.00,"1,110.00","1,316.00","1,020.00",540.00
https://www.gurufocus.com/stock/CTSH,,Dec08,Dec09,Dec10,Dec11,Dec12,Dec13,Dec14,Dec15,Dec16,Dec17,Pre-Tax Income,,,,,,"1,687.90","1,924.00","2,164.00","2,357.00","2,655.00"
https://www.gurufocus.com/stock/D,,Dec08,Dec09,Dec10,Dec11,Dec12,Dec13,Dec14,Dec15,Dec16,Dec17,Pre-Tax Income,,,,,,"2,704.00","1,778.00","2,828.00","2,867.00","3,090.00"
https://www.gurufocus.com/stock/DFS,,Nov08,Nov09,Nov10,Nov11,Nov12,Dec13,Dec14,Dec15,Dec16,Dec17,Pre-Tax Income,,,,,,"3,944.00","3,694.00","3,612.00","3,656.00","3,537.00"
https://www.gurufocus.com/stock/DG,,Jan09,Jan10,Jan11,Jan12,Jan13,Jan14,Jan15,Jan16,Jan17,Jan18,Pre-Tax Income,,,,,,"1,628.33","1,680.86","1,853.02","1,965.63","1,907.28"
https://www.gurufocus.com/stock/DGX,,Dec08,Dec09,Dec10,Dec11,Dec12,Dec13,Dec14,Dec15,Dec16,Dec17,Pre-Tax Income,,,,,,"1,324.00",823.00,"1,103.00","1,086.00","1,030.00"
https://www.gurufocus.com/stock/DHI,,Sep08,Sep09,Sep10,Sep11,Sep12,Sep13,Sep14,Sep15,Sep16,Sep17,Pre-Tax Income,,,,,,657.80,814.20,"1,123.40","1,353.50","1,602.10"
https://www.gurufocus.com/stock/DHR,,Dec08,Dec09,Dec10,Dec11,Dec12,Dec13,Dec14,Dec15,Dec16,Dec17,Pre-Tax Income,,,,,,"3,416.30","2,086.20","2,039.40","2,611.30","2,938.80"
https://www.gurufocus.com/stock/DRE,,Dec08,Dec09,Dec10,Dec11,Dec12,Dec13,Dec14,Dec15,Dec16,Dec17,Pre-Tax Income,,,,,,54.42,214.75,184.32,297.83,290.24
https://www.gurufocus.com/stock/ECL,,Dec08,Dec09,Dec10,Dec11,Dec12,Dec13,Dec14,Dec15,Dec16,Dec17,Pre-Tax Income,,,,,,"1,298.30","1,698.40","1,317.70","1,650.40","1,764.80"
https://www.gurufocus.com/stock/ED,,Dec08,Dec09,Dec10,Dec11,Dec12,Dec13,Dec14,Dec15,Dec16,Dec17,Pre-Tax Income,,,,,,"1,538.00","1,660.00","1,798.00","1,943.00","1,997.00"
https://www.gurufocus.com/stock/EFX,,Dec08,Dec09,Dec10,Dec11,Dec12,Dec13,Dec14,Dec15,Dec16,Dec17,Pre-Tax Income,,,,,,530.40,574.20,636.60,728.20,746.60
https://www.gurufocus.com/stock/EOG,,Dec08,Dec09,Dec10,Dec11,Dec12,Dec13,Dec14,Dec15,Dec16,Dec17,Pre-Tax Income,,,,,,"3,436.89","4,995.32","-6,921.56","-1,557.51",661.18
https://www.gurufocus.com/stock/EQIX,,Dec08,Dec09,Dec10,Dec11,Dec12,Dec13,Dec14,Dec15,Dec16,Dec17,Pre-Tax Income,,,,,,112.28,84.73,211.00,159.86,286.83
https://www.gurufocus.com/stock/EQT,,Dec08,Dec09,Dec10,Dec11,Dec12,Dec13,Dec14,Dec15,Dec16,Dec17,Pre-Tax Income,,,,,,521.16,723.71,426.56,-394.53,742.52
https://www.gurufocus.com/stock/ETFC,,Dec08,Dec09,Dec10,Dec11,Dec12,Dec13,Dec14,Dec15,Dec16,Dec17,Pre-Tax Income,,,,,,195.00,452.00,91.00,838.00,"1,064.00"
https://www.gurufocus.com/stock/ETR,,Dec08,Dec09,Dec10,Dec11,Dec12,Dec13,Dec14,Dec15,Dec16,Dec17,Pre-Tax Income,,,,,,956.55,"1,549.85",-799.66,"-1,381.76",967.92
https://www.gurufocus.com/stock/EXR,,Dec08,Dec09,Dec10,Dec11,Dec12,Dec13,Dec14,Dec15,Dec16,Dec17,Pre-Tax Income,,,,,,195.54,203.47,220.68,412.94,517.85
https://www.gurufocus.com/stock/FAST,,Dec08,Dec09,Dec10,Dec11,Dec12,Dec13,Dec14,Dec15,Dec16,Dec17,Pre-Tax Income,,,,,,713.47,787.43,826.10,789.70,873.10
https://www.gurufocus.com/stock/FLIR,,Dec08,Dec09,Dec10,Dec11,Dec12,Dec13,Dec14,Dec15,Dec16,Dec17,Pre-Tax Income,,,,,,228.99,249.53,305.45,275.96,279.07
https://www.gurufocus.com/stock/FMC,,Dec08,Dec09,Dec10,Dec11,Dec12,Dec13,Dec14,Dec15,Dec16,Dec17,Pre-Tax Income,,,,,,503.20,363.80,-207.40,180.80,180.80
https://www.gurufocus.com/stock/FTI,,Dec08,Dec09,Dec10,Dec11,Dec12,Dec13,Dec14,Dec15,Dec16,Dec17,Pre-Tax Income,,,,,,"1,064.10",728.76,150.50,551.40,679.70
https://www.gurufocus.com/stock/GLW,,Dec08,Dec09,Dec10,Dec11,Dec12,Dec13,Dec14,Dec15,Dec16,Dec17,Pre-Tax Income,,,,,,"2,473.00","3,568.00","1,486.00","3,692.00","1,657.00"
https://www.gurufocus.com/stock/GM,,Dec08,Dec09,Dec10,Dec11,Dec12,Dec13,Dec14,Dec15,Dec16,Dec17,Pre-Tax Income,,,,,,"7,458.00","4,246.00","8,371.00","12,008.00","11,863.00"
https://www.gurufocus.com/stock/HAL,,Dec08,Dec09,Dec10,Dec11,Dec12,Dec13,Dec14,Dec15,Dec16,Dec17,Pre-Tax Income,,,,,,"2,764.00","4,712.00",-936.00,"-7,625.00",682.00
https://www.gurufocus.com/stock/HES,,Dec08,Dec09,Dec10,Dec11,Dec12,Dec13,Dec14,Dec15,Dec16,Dec17,Pre-Tax Income,,,,,,"4,601.00","2,436.00","-4,258.00","-3,854.00","-5,778.00"
https://www.gurufocus.com/stock/HFC,,Dec08,Dec09,Dec10,Dec11,Dec12,Dec13,Dec14,Dec15,Dec16,Dec17,Pre-Tax Income,,,,,,"1,159.40",467.50,"1,208.57",-171.53,868.86
https://www.gurufocus.com/stock/HLT,,Dec10,Dec11,Dec12,Dec13,Dec14,Dec15,Dec16,Dec17,Pre-Tax Income,,,,698.00,"1,147.00",533.00,556.00,930.00
https://www.gurufocus.com/stock/HP,,Sep08,Sep09,Sep10,Sep11,Sep12,Sep13,Sep14,Sep15,Sep16,Sep17,Pre-Tax Income,,,,,,"1,114.30","1,094.66",661.88,-72.67,-184.60
https://www.gurufocus.com/stock/HUM,,Dec08,Dec09,Dec10,Dec11,Dec12,Dec13,Dec14,Dec15,Dec16,Dec17,Pre-Tax Income,,,,,,"1,921.00","2,170.00","2,431.00","1,552.00","4,020.00"
https://www.gurufocus.com/stock/IBM,,Dec08,Dec09,Dec10,Dec11,Dec12,Dec13,Dec14,Dec15,Dec16,Dec17,Pre-Tax Income,,,,,,"20,244.00","19,986.00","15,945.00","12,330.00","11,400.00"
https://www.gurufocus.com/stock/ILMN,,Dec08,Dec09,Dec10,Dec11,Dec12,Dec13,Dec14,Dec15,Dec16,Dec17,Pre-Tax Income,,,,,,159.31,448.76,583.00,561.00,"1,043.00"
https://www.gurufocus.com/stock/INCY,,Dec08,Dec09,Dec10,Dec11,Dec12,Dec13,Dec14,Dec15,Dec16,Dec17,Pre-Tax Income,,,,,,-82.85,-48.55,7.56,107.40,-312.29
https://www.gurufocus.com/stock/IP,,Dec08,Dec09,Dec10,Dec11,Dec12,Dec13,Dec14,Dec15,Dec16,Dec17,Pre-Tax Income,,,,,,"1,228.00",872.00,"1,132.00",795.00,848.00
https://www.gurufocus.com/stock/IQV,,Dec10,Dec11,Dec12,Dec13,Dec14,Dec15,Dec16,Dec17,Pre-Tax Income,,,,323.12,501.00,539.00,479.00,331.00
https://www.gurufocus.com/stock/IQV,,Dec10,Dec11,Dec12,Dec13,Dec14,Dec15,Dec16,Dec17,Pre-Tax Income,,,,323.12,501.00,539.00,479.00,331.00
https://www.gurufocus.com/stock/KHC,,Dec10,Dec11,Dec12,Dec13,Dec14,Dec15,Dec16,Dec17,Pre-Tax Income,,,,"4,090.00","1,406.00","1,013.00","5,023.00","5,530.00"
https://www.gurufocus.com/stock/LB,,Jan09,Jan10,Jan11,Jan12,Jan13,Jan14,Jan15,Jan16,Jan17,Jan18,Pre-Tax Income,,,,,,"1,446.00","1,636.00","1,934.00","1,696.00","1,312.00"
https://www.gurufocus.com/stock/LLY,,Dec08,Dec09,Dec10,Dec11,Dec12,Dec13,Dec14,Dec15,Dec16,Dec17,Pre-Tax Income,,,,,,"5,889.30","3,000.30","2,790.00","3,374.00","2,197.40"
https://www.gurufocus.com/stock/LMT,,Dec08,Dec09,Dec10,Dec11,Dec12,Dec13,Dec14,Dec15,Dec16,Dec17,Pre-Tax Income,,,,,,"4,155.00","4,677.00","4,299.00","4,886.00","5,269.00"
https://www.gurufocus.com/stock/MAR,,Dec08,Dec09,Dec10,Dec11,Dec12,Dec13,Dec14,Dec15,Dec16,Dec17,Pre-Tax Income,,,,,,897.00,"1,088.00","1,255.00","1,184.00","2,836.00"
https://www.gurufocus.com/stock/MGM,,Dec08,Dec09,Dec10,Dec11,Dec12,Dec13,Dec14,Dec15,Dec16,Dec17,Pre-Tax Income,,,,,,62.19,410.89,"-1,046.24","1,259.18",963.76
https://www.gurufocus.com/stock/MLM,,Dec08,Dec09,Dec10,Dec11,Dec12,Dec13,Dec14,Dec15,Dec16,Dec17,Pre-Tax Income,,,,,,164.23,249.18,413.80,607.03,618.93
https://www.gurufocus.com/stock/MO,,Dec08,Dec09,Dec10,Dec11,Dec12,Dec13,Dec14,Dec15,Dec16,Dec17,Pre-Tax Income,,,,,,"6,942.00","7,774.00","8,078.00","21,852.00","9,828.00"
https://www.gurufocus.com/stock/MPC,,Dec08,Dec09,Dec10,Dec11,Dec12,Dec13,Dec14,Dec15,Dec16,Dec17,Pre-Tax Income,,,,,,"3,246.00","3,835.00","4,374.00","1,822.00","3,344.00"
https://www.gurufocus.com/stock/MS,,Nov08,Dec09,Dec10,Dec11,Dec12,Dec13,Dec14,Dec15,Dec16,Dec17,Pre-Tax Income,,,,,,"4,558.00","3,591.00","8,495.00","8,848.00","10,403.00"
https://www.gurufocus.com/stock/MSCI,,Nov08,Nov09,Nov10,Dec11,Dec12,Dec13,Dec14,Dec15,Dec16,Dec17,Pre-Tax Income,,,,,,312.83,308.34,349.55,385.94,466.90
https://www.gurufocus.com/stock/NCLH,,Dec08,Dec09,Dec10,Dec11,Dec12,Dec13,Dec14,Dec15,Dec16,Dec17,Pre-Tax Income,,,,,,114.69,340.33,433.91,640.30,770.61
https://www.gurufocus.com/stock/NEE,,Dec08,Dec09,Dec10,Dec11,Dec12,Dec13,Dec14,Dec15,Dec16,Dec17,Pre-Tax Income,,,,,,"2,454.00","3,645.00","3,990.00","4,388.00","4,667.00"
https://www.gurufocus.com/stock/NFLX,,Dec08,Dec09,Dec10,Dec11,Dec12,Dec13,Dec14,Dec15,Dec16,Dec17,Pre-Tax Income,,,,,,171.07,349.37,141.89,260.51,485.32
https://www.gurufocus.com/stock/NI,,Dec08,Dec09,Dec10,Dec11,Dec12,Dec13,Dec14,Dec15,Dec16,Dec17,Pre-Tax Income,,,,,,329.60,423.00,339.90,510.20,443.10
https://www.gurufocus.com/stock/NKE,,May09,May10,May11,May12,May13,May14,May15,May16,May17,May18,Pre-Tax Income,,,,,,"3,544.00","4,205.00","4,623.00","4,886.00","4,325.00"
https://www.gurufocus.com/stock/NWSA,,Jun10,Jun11,Jun12,Jun13,Jun14,Jun15,Jun16,Jun17,Jun18,Pre-Tax Income,,,,,-178.00,552.00,181.00,-615.00,"-1,089.00"
https://www.gurufocus.com/stock/PCAR,,Dec08,Dec09,Dec10,Dec11,Dec12,Dec13,Dec14,Dec15,Dec16,Dec17,Pre-Tax Income,,,,,,"1,695.00","2,017.60","2,337.10","1,130.40","2,173.30"
https://www.gurufocus.com/stock/PGR,,Dec08,Dec09,Dec10,Dec11,Dec12,Dec13,Dec14,Dec15,Dec16,Dec17,Pre-Tax Income,,,,,,"1,720.00","1,907.40","1,911.60","1,470.70","2,138.90"
https://www.gurufocus.com/stock/PLD,,Dec08,Dec09,Dec10,Dec11,Dec12,Dec13,Dec14,Dec15,Dec16,Dec17,Pre-Tax Income,,,,,,336.26,713.63,948.61,"1,347.10","1,815.57"
https://www.gurufocus.com/stock/PRU,,Dec08,Dec09,Dec10,Dec11,Dec12,Dec13,Dec14,Dec15,Dec16,Dec17,Pre-Tax Income,,,,,,"-1,684.00","1,759.00","7,769.00","5,705.00","6,487.00"
https://www.gurufocus.com/stock/PX,,Dec08,Dec09,Dec10,Dec11,Dec12,Dec13,Dec14,Dec15,Dec16,Dec17,Pre-Tax Income,,,,,,"2,447.00","2,395.00","2,160.00","2,048.00","2,287.00"
https://www.gurufocus.com/stock/QRVO,,Mar13,Mar14,Mar15,Mar16,Mar17,Mar18,Pre-Tax Income,,23.87,121.24,-2.86,27.31,17.15
https://www.gurufocus.com/stock/ROP,,Dec08,Dec09,Dec10,Dec11,Dec12,Dec13,Dec14,Dec15,Dec16,Dec17,Pre-Tax Income,,,,,,754.13,921.46,"1,002.35",940.65,"1,034.72"
https://www.gurufocus.com/stock/SIVB,,Dec08,Dec09,Dec10,Dec11,Dec12,Dec13,Dec14,Dec15,Dec16,Dec17,Pre-Tax Income,,,,,,691.61,662.17,603.57,640.60,874.64
https://www.gurufocus.com/stock/SPGI,,Dec08,Dec09,Dec10,Dec11,Dec12,Dec13,Dec14,Dec15,Dec16,Dec17,Pre-Tax Income,,,,,,"1,299.00",54.00,"1,815.00","3,188.00","2,461.00"
https://www.gurufocus.com/stock/SWK,,Dec08,Dec09,Dec10,Dec11,Dec12,Dec13,Dec14,Dec15,Dec16,Dec17,Pre-Tax Income,,,,,,587.60,"1,084.80","1,150.80","1,226.10","1,526.10"
https://www.gurufocus.com/stock/TEL,,Sep08,Sep09,Sep10,Sep11,Sep12,Sep13,Sep14,Sep15,Sep16,Sep17,Pre-Tax Income,,,,,,"1,080.00","1,760.00","1,575.00","1,162.00","1,928.00"
https://www.gurufocus.com/stock/TIF,,Jan09,Jan10,Jan11,Jan12,Jan13,Jan14,Jan15,Jan16,Jan17,Jan18,Pre-Tax Income,,,,,,254.90,737.50,709.90,676.60,760.50
https://www.gurufocus.com/stock/TJX,,Jan09,Jan10,Jan11,Jan12,Jan13,Jan14,Jan15,Jan16,Jan17,Jan18,Pre-Tax Income,,,,,,"3,319.49","3,549.88","3,658.30","3,723.04","3,856.59"
https://www.gurufocus.com/stock/TTWO,,Oct08,Oct09,Mar11,Mar12,Mar13,Mar14,Mar15,Mar16,Mar17,Mar18,Pre-Tax Income,,,,,,376.15,-272.88,-38.35,76.97,136.63
https://www.gurufocus.com/stock/UHS,,Dec08,Dec09,Dec10,Dec11,Dec12,Dec13,Dec14,Dec15,Dec16,Dec17,Pre-Tax Income,,,,,,869.33,929.67,"1,145.90","1,156.36","1,135.01"
https://www.gurufocus.com/stock/ULTA,,Jan09,Jan10,Jan11,Jan12,Jan13,Jan14,Jan15,Jan16,Jan17,Jan18,Pre-Tax Income,,,,,,327.71,411.31,507.44,655.71,786.86
https://www.gurufocus.com/stock/UNM,,Dec08,Dec09,Dec10,Dec11,Dec12,Dec13,Dec14,Dec15,Dec16,Dec17,Pre-Tax Income,,,,,,"1,220.00",542.00,"1,238.30","1,347.70","1,404.00"
https://www.gurufocus.com/stock/UNP,,Dec08,Dec09,Dec10,Dec11,Dec12,Dec13,Dec14,Dec15,Dec16,Dec17,Pre-Tax Income,,,,,,"7,048.00","8,343.00","7,656.00","6,766.00","7,632.00"
https://www.gurufocus.com/stock/UPS,,Dec08,Dec09,Dec10,Dec11,Dec12,Dec13,Dec14,Dec15,Dec16,Dec17,Pre-Tax Income,,,,,,"6,674.00","4,637.00","7,342.00","5,136.00","7,148.00"
https://www.gurufocus.com/stock/WHR,,Dec08,Dec09,Dec10,Dec11,Dec12,Dec13,Dec14,Dec15,Dec16,Dec17,Pre-Tax Income,,,,,,917.00,881.00,"1,031.00","1,114.00",887.00
https://www.gurufocus.com/stock/WMT,,Jan09,Jan10,Jan11,Jan12,Jan13,Jan14,Jan15,Jan16,Jan17,Jan18,Pre-Tax Income,,,,,,"24,656.00","24,799.00","21,638.00","20,497.00","15,123.00"
https://www.gurufocus.com/stock/WRK,,Sep08,Sep09,Sep10,Sep11,Sep12,Sep13,Sep14,Sep15,Sep16,Sep17,Pre-Tax Income,,,,,,710.70,770.30,734.20,244.60,857.60
https://www.gurufocus.com/stock/WY,,Dec08,Dec09,Dec10,Dec11,Dec12,Dec13,Dec14,Dec15,Dec16,Dec17,Pre-Tax Income,,,,,,320.00,687.00,353.00,504.00,716.00
https://www.gurufocus.com/stock/XEL,,Dec08,Dec09,Dec10,Dec11,Dec12,Dec13,Dec14,Dec15,Dec16,Dec17,Pre-Tax Income,,,,,,"1,432.21","1,545.12","1,527.00","1,704.00","1,690.00"
https://www.gurufocus.com/stock/XYL,,Dec09,Dec10,Dec11,Dec12,Dec13,Dec14,Dec15,Dec16,Dec17,Pre-Tax Income,,,,,298.00,421.00,403.00,340.00,466.00
https://www.gurufocus.com/stock/ZION,,Dec08,Dec09,Dec10,Dec11,Dec12,Dec13,Dec14,Dec15,Dec16,Dec17,Pre-Tax Income,,,,,,406.43,621.42,451.00,705.00,936.00
https://www.gurufocus.com/stock/AAL,,Dec08,Dec09,Dec10,Dec11,Dec12,Dec13,Dec14,Dec15,Dec16,Dec17,Pre-Tax Income,,,,,,"-2,180.00","3,212.00","4,616.00","4,299.00","3,084.00"
https://www.gurufocus.com/stock/AAP,,Dec08,Dec09,Dec10,Dec11,Dec12,Dec13,Dec14,Dec15,Dec16,Dec17,Pre-Tax Income,,,,,,626.40,781.39,752.89,738.84,520.26
https://www.gurufocus.com/stock/ADM,,Jun08,Jun09,Jun10,Jun11,Jun12,Dec13,Dec14,Dec15,Dec16,Dec17,Pre-Tax Income,,,,,,"2,024.00","3,130.00","2,284.00","1,822.00","1,609.00"
https://www.gurufocus.com/stock/ADSK,,Jan09,Jan10,Jan11,Jan12,Jan13,Jan14,Jan15,Jan16,Jan17,Jan18,Pre-Tax Income,,,,,,279.90,83.00,-20.30,-523.80,-557.30
https://www.gurufocus.com/stock/AES,,Dec08,Dec09,Dec10,Dec11,Dec12,Dec13,Dec14,Dec15,Dec16,Dec17,Pre-Tax Income,,,,,,"1,048.00","1,443.00",989.00,187.00,771.00
https://www.gurufocus.com/stock/AIZ,,Dec08,Dec09,Dec10,Dec11,Dec12,Dec13,Dec14,Dec15,Dec16,Dec17,Pre-Tax Income,,,,,,789.70,744.14,201.20,848.60,444.50
https://www.gurufocus.com/stock/AKAM,,Dec08,Dec09,Dec10,Dec11,Dec12,Dec13,Dec14,Dec15,Dec16,Dec17,Pre-Tax Income,,,,,,419.55,479.78,456.62,459.45,316.12
https://www.gurufocus.com/stock/ALGN,,Dec08,Dec09,Dec10,Dec11,Dec12,Dec13,Dec14,Dec15,Dec16,Dec17,Pre-Tax Income,,,,,,93.14,190.37,186.10,242.57,364.80
https://www.gurufocus.com/stock/ALK,,Dec08,Dec09,Dec10,Dec11,Dec12,Dec13,Dec14,Dec15,Dec16,Dec17,Pre-Tax Income,,,,,,816.00,975.00,"1,312.00","1,345.00","1,207.00"
https://www.gurufocus.com/stock/ALL,,Dec08,Dec09,Dec10,Dec11,Dec12,Dec13,Dec14,Dec15,Dec16,Dec17,Pre-Tax Income,,,,,,"3,396.00","4,236.00","3,282.00","2,754.00","3,991.00"
https://www.gurufocus.com/stock/ALXN,,Dec08,Dec09,Dec10,Dec11,Dec12,Dec13,Dec14,Dec15,Dec16,Dec17,Pre-Tax Income,,,,,,526.27,872.00,498.10,576.20,547.80
https://www.gurufocus.com/stock/AMD,,Dec08,Dec09,Dec10,Dec11,Dec12,Dec13,Dec14,Dec15,Dec16,Dec17,Pre-Tax Income,,,,,,-74.00,-398.00,-646.00,-448.00,69.00
https://www.gurufocus.com/stock/AMP,,Dec08,Dec09,Dec10,Dec11,Dec12,Dec13,Dec14,Dec15,Dec16,Dec17,Pre-Tax Income,,,,,,"1,970.00","2,547.00","2,142.00","1,592.00","2,214.00"
https://www.gurufocus.com/stock/ANSS,,Dec08,Dec09,Dec10,Dec11,Dec12,Dec13,Dec14,Dec15,Dec16,Dec17,Pre-Tax Income,,,,,,322.49,348.14,356.77,380.32,395.69
https://www.gurufocus.com/stock/APD,,Sep08,Sep09,Sep10,Sep11,Sep12,Sep13,Sep14,Sep15,Sep16,Sep17,Pre-Tax Income,,,,,,"1,350.40","1,365.40","1,266.10","1,554.60","1,416.10"
https://www.gurufocus.com/stock/ARE,,Dec08,Dec09,Dec10,Dec11,Dec12,Dec13,Dec14,Dec15,Dec16,Dec17,Pre-Tax Income,,,,,,139.35,105.55,146.16,-49.80,194.20
https://www.gurufocus.com/stock/AWK,,Dec08,Dec09,Dec10,Dec11,Dec12,Dec13,Dec14,Dec15,Dec16,Dec17,Pre-Tax Income,,,,,,608.00,710.00,782.00,770.00,912.00
https://www.gurufocus.com/stock/BA,,Dec08,Dec09,Dec10,Dec11,Dec12,Dec13,Dec14,Dec15,Dec16,Dec17,Pre-Tax Income,,,,,,"6,232.00","7,137.00","7,155.00","5,568.00","10,047.00"
https://www.gurufocus.com/stock/BDX,,Sep08,Sep09,Sep10,Sep11,Sep12,Sep13,Sep14,Sep15,Sep16,Sep17,Pre-Tax Income,,,,,,"1,165.00","1,522.00",739.00,"1,074.00",976.00
https://www.gurufocus.com/stock/BF.B,,Apr09,Apr10,Apr11,Apr12,Apr13,Apr14,Apr15,Apr16,Apr17,Apr18,Pre-Tax Income,,,,,,947.00,"1,002.00","1,489.00",933.00,977.00
https://www.gurufocus.com/stock/BHGE,,Dec15,Dec16,Dec17,Pre-Tax Income,-158.00,"-1,571.00",-171.00
https://www.gurufocus.com/stock/BWA,,Dec08,Dec09,Dec10,Dec11,Dec12,Dec13,Dec14,Dec15,Dec16,Dec17,Pre-Tax Income,,,,,,869.30,980.10,926.80,190.50,"1,063.60"
https://www.gurufocus.com/stock/BXP,,Dec08,Dec09,Dec10,Dec11,Dec12,Dec13,Dec14,Dec15,Dec16,Dec17,Pre-Tax Income,,,,,,703.65,358.02,424.02,489.37,554.82
https://www.gurufocus.com/stock/CA,,Mar09,Mar10,Mar11,Mar12,Mar13,Mar14,Mar15,Mar16,Mar17,Mar18,Pre-Tax Income,,,,,,"1,016.00","1,115.00","1,084.00","1,073.00","1,021.00"
https://www.gurufocus.com/stock/CBOE,,Dec08,Dec09,Dec10,Dec11,Dec12,Dec13,Dec14,Dec15,Dec16,Dec17,Pre-Tax Income,,,,,,283.66,309.70,324.00,306.60,334.40
https://www.gurufocus.com/stock/CBRE,,Dec08,Dec09,Dec10,Dec11,Dec12,Dec13,Dec14,Dec15,Dec16,Dec17,Pre-Tax Income,,,,,,508.99,777.26,879.73,880.73,"1,164.09"
https://www.gurufocus.com/stock/CERN,,Dec08,Dec09,Dec10,Dec11,Dec12,Dec13,Dec14,Dec15,Dec16,Dec17,Pre-Tax Income,,,,,,588.05,774.17,781.38,918.43,967.13
https://www.gurufocus.com/stock/CF,,Dec08,Dec09,Dec10,Dec11,Dec12,Dec13,Dec14,Dec15,Dec16,Dec17,Pre-Tax Income,,,,,,"2,209.70","2,187.00","1,058.00",-226.00,-125.00
https://www.gurufocus.com/stock/CHD,,Dec08,Dec09,Dec10,Dec11,Dec12,Dec13,Dec14,Dec15,Dec16,Dec17,Pre-Tax Income,,,,,,597.80,624.90,635.40,705.90,692.70
https://www.gurufocus.com/stock/CHRW,,Dec08,Dec09,Dec10,Dec11,Dec12,Dec13,Dec14,Dec15,Dec16,Dec17,Pre-Tax Income,,,,,,673.36,723.43,822.78,811.95,728.46
https://www.gurufocus.com/stock/CMG,,Dec08,Dec09,Dec10,Dec11,Dec12,Dec13,Dec14,Dec15,Dec16,Dec17,Pre-Tax Income,,,,,,534.47,714.30,769.87,38.74,275.74
https://www.gurufocus.com/stock/CMS,,Dec08,Dec09,Dec10,Dec11,Dec12,Dec13,Dec14,Dec15,Dec16,Dec17,Pre-Tax Income,,,,,,756.00,729.00,796.00,826.00,886.00
https://www.gurufocus.com/stock/CNP,,Dec08,Dec09,Dec10,Dec11,Dec12,Dec13,Dec14,Dec15,Dec16,Dec17,Pre-Tax Income,,,,,,781.00,885.00,"-1,130.00",686.00,"1,063.00"
https://www.gurufocus.com/stock/CPB,,Jul09,Jul10,Jul11,Jul12,Jul13,Jul14,Jul15,Jul16,Jul17,Jul18,Pre-Tax Income,,,,,,"1,148.00",949.00,849.00,"1,293.00",272.00
https://www.gurufocus.com/stock/CPRT,,Jul09,Jul10,Jul11,Jul12,Jul13,Jul14,Jul15,Jul16,Jul17,Jul18,Pre-Tax Income,,,,,,270.04,332.07,395.87,440.10,562.51
https://www.gurufocus.com/stock/CTXS,,Dec08,Dec09,Dec10,Dec11,Dec12,Dec13,Dec14,Dec15,Dec16,Dec17,Pre-Tax Income,,,,,,387.89,275.71,164.58,527.77,550.35
https://www.gurufocus.com/stock/DISCA,,Dec08,Dec09,Dec10,Dec11,Dec12,Dec13,Dec14,Dec15,Dec16,Dec17,Pre-Tax Income,,,,,,"1,736.00","1,747.00","1,559.00","1,671.00",-137.00
https://www.gurufocus.com/stock/DLR,,Dec08,Dec09,Dec10,Dec11,Dec12,Dec13,Dec14,Dec15,Dec16,Dec17,Pre-Tax Income,,,,,,321.74,208.65,308.04,442.24,264.17
https://www.gurufocus.com/stock/DRI,,May09,May10,May11,May12,May13,May14,May15,May16,May17,May18,Pre-Tax Income,,,,,,174.60,175.30,449.70,637.30,605.70
https://www.gurufocus.com/stock/DTE,,Dec08,Dec09,Dec10,Dec11,Dec12,Dec13,Dec14,Dec15,Dec16,Dec17,Pre-Tax Income,,,,,,922.00,"1,275.00",950.00,"1,105.00","1,287.00"
https://www.gurufocus.com/stock/DVA,,Dec08,Dec09,Dec10,Dec11,Dec12,Dec13,Dec14,Dec15,Dec16,Dec17,Pre-Tax Income,,,,,,"1,124.98","1,309.67",688.39,"1,623.11","1,399.79"
https://www.gurufocus.com/stock/EIX,,Dec08,Dec09,Dec10,Dec11,Dec12,Dec13,Dec14,Dec15,Dec16,Dec17,Pre-Tax Income,,,,,,"1,221.00","1,979.00","1,568.00","1,590.00",949.00
https://www.gurufocus.com/stock/EMN,,Dec08,Dec09,Dec10,Dec11,Dec12,Dec13,Dec14,Dec15,Dec16,Dec17,Pre-Tax Income,,,,,,"1,679.00",990.00,"1,129.00","1,049.00","1,289.00"
https://www.gurufocus.com/stock/EMR,,Sep08,Sep09,Sep10,Sep11,Sep12,Sep13,Sep14,Sep15,Sep16,Sep17,Pre-Tax Income,,,,,,"3,196.00","3,191.00","3,807.00","2,316.00","2,335.00"
https://www.gurufocus.com/stock/ESS,,Dec08,Dec09,Dec10,Dec11,Dec12,Dec13,Dec14,Dec15,Dec16,Dec17,Pre-Tax Income,,,,,,140.88,134.44,248.24,442.82,458.04
https://www.gurufocus.com/stock/EXC,,Dec08,Dec09,Dec10,Dec11,Dec12,Dec13,Dec14,Dec15,Dec16,Dec17,Pre-Tax Income,,,,,,"2,773.00","2,486.00","3,330.00","1,989.00","3,756.00"
https://www.gurufocus.com/stock/EXPD,,Dec08,Dec09,Dec10,Dec11,Dec12,Dec13,Dec14,Dec15,Dec16,Dec17,Pre-Tax Income,,,,,,572.60,610.89,736.69,686.86,718.60
https://www.gurufocus.com/stock/FDX,,May09,May10,May11,May12,May13,May14,May15,May16,May17,May18,Pre-Tax Income,,,,,,"3,658.00","1,627.00","2,740.00","4,579.00","4,353.00"
https://www.gurufocus.com/stock/FE,,Dec08,Dec09,Dec10,Dec11,Dec12,Dec13,Dec14,Dec15,Dec16,Dec17,Pre-Tax Income,,,,,,570.00,171.00,893.00,"-9,232.00",-829.00
https://www.gurufocus.com/stock/FFIV,,Sep08,Sep09,Sep10,Sep11,Sep12,Sep13,Sep14,Sep15,Sep16,Sep17,Pre-Tax Income,,,,,,438.09,497.34,561.34,549.89,575.52
https://www.gurufocus.com/stock/FIS,,Dec08,Dec09,Dec10,Dec11,Dec12,Dec13,Dec14,Dec15,Dec16,Dec17,Pre-Tax Income,,,,,,823.50,"1,053.00","1,037.00",906.00,"1,036.00"
https://www.gurufocus.com/stock/FISV,,Dec08,Dec09,Dec10,Dec11,Dec12,Dec13,Dec14,Dec15,Dec16,Dec17,Pre-Tax Income,,,,,,898.00,"1,047.00","1,057.00","1,275.00","1,358.00"
https://www.gurufocus.com/stock/FITB,,Dec08,Dec09,Dec10,Dec11,Dec12,Dec13,Dec14,Dec15,Dec16,Dec17,Pre-Tax Income,,,,,,"2,598.00","2,028.00","2,365.00","2,065.00","2,771.00"
https://www.gurufocus.com/stock/FLS,,Dec08,Dec09,Dec10,Dec11,Dec12,Dec13,Dec14,Dec15,Dec16,Dec17,Pre-Tax Income,,,,,,693.02,728.74,412.37,212.91,263.01
https://www.gurufocus.com/stock/FLT,,Dec08,Dec09,Dec10,Dec11,Dec12,Dec13,Dec14,Dec15,Dec16,Dec17,Pre-Tax Income,,,,,,403.57,512.94,536.00,642.92,893.59
https://www.gurufocus.com/stock/FRT,,Dec08,Dec09,Dec10,Dec11,Dec12,Dec13,Dec14,Dec15,Dec16,Dec17,Pre-Tax Income,,,,,,137.81,167.89,190.09,226.43,219.95
https://www.gurufocus.com/stock/FTV,,Dec12,Dec13,Dec14,Dec15,Dec16,Dec17,Pre-Tax Income,,"1,143.20","1,279.20","1,269.70","1,197.00","1,284.20"
https://www.gurufocus.com/stock/GPC,,Dec08,Dec09,Dec10,Dec11,Dec12,Dec13,Dec14,Dec15,Dec16,Dec17,Pre-Tax Income,,,,,,"1,044.30","1,117.74","1,123.68","1,074.34","1,009.27"
https://www.gurufocus.com/stock/GPS,,Jan09,Jan10,Jan11,Jan12,Jan13,Jan14,Jan15,Jan16,Jan17,Jan18,Pre-Tax Income,,,,,,"2,093.00","2,013.00","1,471.00","1,124.00","1,424.00"
https://www.gurufocus.com/stock/GRMN,,Dec08,Dec09,Dec10,Dec11,Dec12,Dec13,Dec14,Dec15,Dec16,Dec17,Pre-Tax Income,,,,,,653.56,723.75,567.19,629.67,682.29
https://www.gurufocus.com/stock/HAS,,Dec08,Dec09,Dec10,Dec11,Dec12,Dec13,Dec14,Dec15,Dec16,Dec17,Pre-Tax Income,,,,,,351.82,539.99,603.92,692.49,786.15
https://www.gurufocus.com/stock/HIG,,Dec08,Dec09,Dec10,Dec11,Dec12,Dec13,Dec14,Dec15,Dec16,Dec17,Pre-Tax Income,,,,,,"1,471.00","1,699.00","1,478.00",447.00,723.00
https://www.gurufocus.com/stock/HOG,,Dec08,Dec09,Dec10,Dec11,Dec12,Dec13,Dec14,Dec15,Dec16,Dec17,Pre-Tax Income,,,,,,"1,114.31","1,283.32","1,150.16","1,023.91",863.84
https://www.gurufocus.com/stock/HOLX,,Sep08,Sep09,Sep10,Sep11,Sep12,Sep13,Sep14,Sep15,Sep16,Sep17,Pre-Tax Income,,,,,,"-1,192.90",48.10,177.20,415.30,"1,230.50"
https://www.gurufocus.com/stock/HRS,,Jun09,Jun10,Jun11,Jun12,Jun13,Jun14,Jun15,Jun16,Jun17,Jun18,Pre-Tax Income,,,,,,795.00,396.00,884.00,905.00,926.00
https://www.gurufocus.com/stock/HST,,Dec08,Dec09,Dec10,Dec11,Dec12,Dec13,Dec14,Dec15,Dec16,Dec17,Pre-Tax Income,,,,,,231.00,755.00,574.00,811.00,651.00
https://www.gurufocus.com/stock/HSY,,Dec08,Dec09,Dec10,Dec11,Dec12,Dec13,Dec14,Dec15,Dec16,Dec17,Pre-Tax Income,,,,,,"1,251.32","1,306.04",901.85,"1,099.48","1,110.67"
https://www.gurufocus.com/stock/IDXX,,Dec08,Dec09,Dec10,Dec11,Dec12,Dec13,Dec14,Dec15,Dec16,Dec17,Pre-Tax Income,,,,,,263.26,246.56,273.14,321.85,381.06
https://www.gurufocus.com/stock/IFF,,Dec08,Dec09,Dec10,Dec11,Dec12,Dec13,Dec14,Dec15,Dec16,Dec17,Pre-Tax Income,,,,,,485.21,549.06,539.10,523.72,537.05
https://www.gurufocus.com/stock/INFO,,Nov08,Nov09,Nov10,Nov11,Nov12,Nov13,Nov14,Nov15,Nov16,Nov17,Pre-Tax Income,,,,,,130.66,223.10,237.80,142.30,372.10
https://www.gurufocus.com/stock/INTU,,Jul09,Jul10,Jul11,Jul12,Jul13,Jul14,Jul15,Jul16,Jul17,Jul18,Pre-Tax Income,,,,,,"1,300.00",712.00,"1,203.00","1,367.00","1,503.00"
https://www.gurufocus.com/stock/IR,,Dec08,Dec09,Dec10,Dec11,Dec12,Dec13,Dec14,Dec15,Dec16,Dec17,Pre-Tax Income,,,,,,829.60,"1,209.40","1,247.90","1,741.30","1,417.90"
https://www.gurufocus.com/stock/IRM,,Dec08,Dec09,Dec10,Dec11,Dec12,Dec13,Dec14,Dec15,Dec16,Dec17,Pre-Tax Income,,,,,,159.87,223.37,162.07,146.64,216.11
https://www.gurufocus.com/stock/JNPR,,Dec08,Dec09,Dec10,Dec11,Dec12,Dec13,Dec14,Dec15,Dec16,Dec17,Pre-Tax Income,,,,,,525.50,-86.30,852.20,827.40,811.80
https://www.gurufocus.com/stock/KLAC,,Jun09,Jun10,Jun11,Jun12,Jun13,Jun14,Jun15,Jun16,Jun17,Jun18,Pre-Tax Income,,,,,,734.46,434.13,858.19,"1,173.25","1,455.93"
https://www.gurufocus.com/stock/KO,,Dec08,Dec09,Dec10,Dec11,Dec12,Dec13,Dec14,Dec15,Dec16,Dec17,Pre-Tax Income,,,,,,"11,477.00","9,325.00","9,605.00","8,136.00","6,742.00"
https://www.gurufocus.com/stock/KORS,,Mar10,Mar11,Mar12,Mar13,Mar14,Mar15,Mar16,Mar17,Mar18,Pre-Tax Income,,,,,"1,007.70","1,255.80","1,172.30",688.60,741.80
https://www.gurufocus.com/stock/KR,,Jan09,Jan10,Jan11,Jan12,Jan13,Jan14,Jan15,Jan16,Jan17,Jan18,Pre-Tax Income,,,,,,"2,282.00","2,649.00","3,094.00","2,914.00","1,484.00"
https://www.gurufocus.com/stock/L,,Dec08,Dec09,Dec10,Dec11,Dec12,Dec13,Dec14,Dec15,Dec16,Dec17,Pre-Tax Income,,,,,,"2,277.00","1,810.00",244.00,936.00,"1,582.00"
https://www.gurufocus.com/stock/LLL,,Dec08,Dec09,Dec10,Dec11,Dec12,Dec13,Dec14,Dec15,Dec16,Dec17,Pre-Tax Income,,,,,,980.00,872.00,639.00,804.00,871.00
https://www.gurufocus.com/stock/LNC,,Dec08,Dec09,Dec10,Dec11,Dec12,Dec13,Dec14,Dec15,Dec16,Dec17,Pre-Tax Income,,,,,,"1,631.00","1,997.00","1,430.00","1,458.00","1,130.00"
https://www.gurufocus.com/stock/LYB,,Dec08,Dec09,Dec10,Dec11,Dec12,Dec13,Dec14,Dec15,Dec16,Dec17,Pre-Tax Income,,,,,,"4,996.00","5,712.00","6,209.00","5,233.00","5,493.00"
https://www.gurufocus.com/stock/MAA,,Dec08,Dec09,Dec10,Dec11,Dec12,Dec13,Dec14,Dec15,Dec16,Dec17,Pre-Tax Income,,,,,,38.25,146.99,352.42,225.86,341.79
https://www.gurufocus.com/stock/MAC,,Dec08,Dec09,Dec10,Dec11,Dec12,Dec13,Dec14,Dec15,Dec16,Dec17,Pre-Tax Income,,,,,,157.33,"1,602.66",519.69,555.56,177.27
https://www.gurufocus.com/stock/MAS,,Dec08,Dec09,Dec10,Dec11,Dec12,Dec13,Dec14,Dec15,Dec16,Dec17,Pre-Tax Income,,,,,,386.00,507.00,689.00,830.00,885.00
https://www.gurufocus.com/stock/MCHP,,Mar09,Mar10,Mar11,Mar12,Mar13,Mar14,Mar15,Mar16,Mar17,Mar18,Pre-Tax Income,,,,,,432.35,345.91,281.30,89.80,737.30
https://www.gurufocus.com/stock/MMC,,Dec08,Dec09,Dec10,Dec11,Dec12,Dec13,Dec14,Dec15,Dec16,Dec17,Pre-Tax Income,,,,,,"1,973.00","2,057.00","2,307.00","2,480.00","2,643.00"
https://www.gurufocus.com/stock/MYL,,Dec08,Dec09,Dec10,Dec11,Dec12,Dec13,Dec14,Dec15,Dec16,Dec17,Pre-Tax Income,,,,,,747.30,974.50,915.40,121.70,903.00
https://www.gurufocus.com/stock/NBL,,Dec08,Dec09,Dec10,Dec11,Dec12,Dec13,Dec14,Dec15,Dec16,Dec17,Pre-Tax Income,,,,,,"1,344.00","1,710.00","-2,219.00","-1,772.00","-2,191.00"
https://www.gurufocus.com/stock/NDAQ,,Dec08,Dec09,Dec10,Dec11,Dec12,Dec13,Dec14,Dec15,Dec16,Dec17,Pre-Tax Income,,,,,,600.00,594.00,630.00,136.00,880.00
https://www.gurufocus.com/stock/NFX,,Dec08,Dec09,Dec10,Dec11,Dec12,Dec13,Dec14,Dec15,Dec16,Dec17,Pre-Tax Income,,,,,,201.00,"1,032.00","-4,947.00","-1,208.00",386.00
https://www.gurufocus.com/stock/NKTR,,Dec08,Dec09,Dec10,Dec11,Dec12,Dec13,Dec14,Dec15,Dec16,Dec17,Pre-Tax Income,,,,,,-159.77,-54.43,-80.67,-152.65,-96.08
https://www.gurufocus.com/stock/NLSN,,Dec08,Dec09,Dec10,Dec11,Dec12,Dec13,Dec14,Dec15,Dec16,Dec17,Pre-Tax Income,,,,,,520.00,621.00,961.00,816.00,828.00
https://www.gurufocus.com/stock/NOC,,Dec08,Dec09,Dec10,Dec11,Dec12,Dec13,Dec14,Dec15,Dec16,Dec17,Pre-Tax Income,,,,,,"2,863.00","2,937.00","2,790.00","2,923.00","3,049.00"
https://www.gurufocus.com/stock/NOV,,Dec08,Dec09,Dec10,Dec11,Dec12,Dec13,Dec14,Dec15,Dec16,Dec17,Pre-Tax Income,,,,,,"3,124.00","3,494.00",-589.00,"-2,623.00",-392.00
https://www.gurufocus.com/stock/NSC,,Dec08,Dec09,Dec10,Dec11,Dec12,Dec13,Dec14,Dec15,Dec16,Dec17,Pre-Tax Income,,,,,,"2,965.00","3,134.00","2,442.00","2,582.00","3,128.00"
https://www.gurufocus.com/stock/NUE,,Dec08,Dec09,Dec10,Dec11,Dec12,Dec13,Dec14,Dec15,Dec16,Dec17,Pre-Tax Income,,,,,,791.12,"1,147.29",241.87,"1,298.66","1,749.96"
https://www.gurufocus.com/stock/OKE,,Dec08,Dec09,Dec10,Dec11,Dec12,Dec13,Dec14,Dec15,Dec16,Dec17,Pre-Tax Income,,,,,,755.17,819.87,521.88,957.96,"1,040.80"
https://www.gurufocus.com/stock/ORLY,,Dec08,Dec09,Dec10,Dec11,Dec12,Dec13,Dec14,Dec15,Dec16,Dec17,Pre-Tax Income,,,,,,"1,058.94","1,222.18","1,460.37","1,637.19","1,637.80"
https://www.gurufocus.com/stock/PAYX,,May09,May10,May11,May12,May13,May14,May15,May16,May17,May18,Pre-Tax Income,,,,,,988.10,"1,060.00","1,151.10","1,244.80","1,296.10"
https://www.gurufocus.com/stock/PEG,,Dec08,Dec09,Dec10,Dec11,Dec12,Dec13,Dec14,Dec15,Dec16,Dec17,Pre-Tax Income,,,,,,"2,055.00","2,456.00","2,680.00","1,298.00","1,268.00"
https://www.gurufocus.com/stock/PKI,,Dec08,Dec09,Dec10,Dec11,Dec12,Dec13,Dec14,Dec15,Dec16,Dec17,Pre-Tax Income,,,,,,163.68,123.87,208.81,244.07,296.72
https://www.gurufocus.com/stock/PNW,,Dec08,Dec09,Dec10,Dec11,Dec12,Dec13,Dec14,Dec15,Dec16,Dec17,Pre-Tax Income,,,,,,670.56,644.40,693.91,697.94,766.22
https://www.gurufocus.com/stock/PRGO,,Jun08,Jun09,Jun10,Jun11,Jun12,Jun13,Jun14,Jun15,Dec16,Dec17,Pre-Tax Income,,,,,,607.70,303.60,260.30,"-4,848.30",280.10
https://www.gurufocus.com/stock/PSA,,Dec08,Dec09,Dec10,Dec11,Dec12,Dec13,Dec14,Dec15,Dec16,Dec17,Pre-Tax Income,,,,,,"1,057.53","1,149.96","1,317.69","1,460.44","1,448.47"
https://www.gurufocus.com/stock/PVH,,Jan09,Jan10,Jan11,Jan12,Jan13,Jan14,Jan15,Jan16,Jan17,Jan18,Pre-Tax Income,,,,,,328.70,391.40,647.50,674.20,510.20
https://www.gurufocus.com/stock/PWR,,Dec08,Dec09,Dec10,Dec11,Dec12,Dec13,Dec14,Dec15,Dec16,Dec17,Pre-Tax Income,,,,,,588.32,426.60,228.68,307.69,353.76
https://www.gurufocus.com/stock/PYPL,,Dec12,Dec13,Dec14,Dec15,Dec16,Dec17,Pre-Tax Income,,"1,084.00","1,261.00","1,488.00","1,631.00","2,200.00"
https://www.gurufocus.com/stock/RE,,Dec08,Dec09,Dec10,Dec11,Dec12,Dec13,Dec14,Dec15,Dec16,Dec17,Pre-Tax Income,,,,,,"1,554.97","1,386.81","1,111.89","1,099.84",405.18
https://www.gurufocus.com/stock/REG,,Dec08,Dec09,Dec10,Dec11,Dec12,Dec13,Dec14,Dec15,Dec16,Dec17,Pre-Tax Income,,,,,,84.30,132.77,116.94,119.67,141.81
https://www.gurufocus.com/stock/RF,,Dec08,Dec09,Dec10,Dec11,Dec12,Dec13,Dec14,Dec15,Dec16,Dec17,Pre-Tax Income,,,,,,"1,665.00","1,682.00","1,530.00","1,672.00","1,871.00"
https://www.gurufocus.com/stock/RHI,,Dec08,Dec09,Dec10,Dec11,Dec12,Dec13,Dec14,Dec15,Dec16,Dec17,Pre-Tax Income,,,,,,397.58,497.35,581.03,554.11,517.52
https://www.gurufocus.com/stock/RHT,,Feb09,Feb10,Feb11,Feb12,Feb13,Feb14,Feb15,Feb16,Feb17,Feb18,Pre-Tax Income,,,,,,239.55,255.50,274.87,320.18,474.70
https://www.gurufocus.com/stock/RJF,,Sep08,Sep09,Sep10,Sep11,Sep12,Sep13,Sep14,Sep15,Sep16,Sep17,Pre-Tax Income,,,,,,593.91,715.95,814.61,811.94,927.98
https://www.gurufocus.com/stock/RL,,Mar09,Mar10,Mar11,Mar12,Mar13,Mar14,Mar15,Mar16,Mar17,Mar18,Pre-Tax Income,,,,,,"1,096.00",987.40,551.80,-104.90,489.20
https://www.gurufocus.com/stock/RMD,,Jun09,Jun10,Jun11,Jun12,Jun13,Jun14,Jun15,Jun16,Jun17,Jun18,Pre-Tax Income,,,,,,431.08,435.92,439.57,418.74,521.31
https://www.gurufocus.com/stock/ROK,,Sep08,Sep09,Sep10,Sep11,Sep12,Sep13,Sep14,Sep15,Sep16,Sep17,Pre-Tax Income,,,,,,980.90,"1,134.20","1,127.50",943.10,"1,037.40"
https://www.gurufocus.com/stock/ROST,,Jan09,Jan10,Jan11,Jan12,Jan13,Jan14,Jan15,Jan16,Jan17,Jan18,Pre-Tax Income,,,,,,"1,343.31","1,485.37","1,611.76","1,786.16","2,040.72"
https://www.gurufocus.com/stock/RSG,,Dec08,Dec09,Dec10,Dec11,Dec12,Dec13,Dec14,Dec15,Dec16,Dec17,Pre-Tax Income,,,,,,851.20,885.30,"1,195.90",965.90,"1,282.10"
https://www.gurufocus.com/stock/RTN,,Dec08,Dec09,Dec10,Dec11,Dec12,Dec13,Dec14,Dec15,Dec16,Dec17,Pre-Tax Income,,,,,,"2,757.00","2,983.00","2,841.00","3,085.00","3,113.00"
https://www.gurufocus.com/stock/SBAC,,Dec08,Dec09,Dec10,Dec11,Dec12,Dec13,Dec14,Dec15,Dec16,Dec17,Pre-Tax Income,,,,,,-57.22,-15.66,-166.60,87.30,116.89
https://www.gurufocus.com/stock/SHW,,Dec08,Dec09,Dec10,Dec11,Dec12,Dec13,Dec14,Dec15,Dec16,Dec17,Pre-Tax Income,,,,,,"1,085.96","1,258.23","1,548.97","1,595.23","1,528.22"
https://www.gurufocus.com/stock/SLG,,Dec08,Dec09,Dec10,Dec11,Dec12,Dec13,Dec14,Dec15,Dec16,Dec17,Pre-Tax Income,,,,,,110.70,363.73,302.91,278.91,101.07
https://www.gurufocus.com/stock/SNPS,,Oct08,Oct09,Oct10,Oct11,Oct12,Oct13,Oct14,Oct15,Oct16,Oct17,Pre-Tax Income,,,,,,275.67,272.14,281.61,329.55,383.10
https://www.gurufocus.com/stock/STI,,Dec08,Dec09,Dec10,Dec11,Dec12,Dec13,Dec14,Dec15,Dec16,Dec17,Pre-Tax Income,,,,,,"1,683.00","2,278.00","2,707.00","2,692.00","2,814.00"
https://www.gurufocus.com/stock/STX,,Jun09,Jun10,Jun11,Jun12,Jun13,Jun14,Jun15,Jun16,Jun17,Jun18,Pre-Tax Income,,,,,,"1,556.00","1,970.00",274.00,815.00,"1,418.00"
https://www.gurufocus.com/stock/SWKS,,Sep08,Sep09,Sep10,Sep11,Sep12,Sep13,Sep14,Sep15,Sep16,Sep17,Pre-Tax Income,,,,,,344.50,565.20,"1,023.60","1,200.60","1,257.00"
https://www.gurufocus.com/stock/SYF,,Dec11,Dec12,Dec13,Dec14,Dec15,Dec16,Dec17,Pre-Tax Income,,,"3,142.00","3,386.00","3,531.00","3,570.00","3,324.00"
https://www.gurufocus.com/stock/SYMC,,Mar09,Mar10,Mar11,Mar12,Mar13,Mar14,Mar15,Mar16,Mar17,Mar18,Pre-Tax Income,,,,,,107.00,101.00,392.00,-262.00,441.00
https://www.gurufocus.com/stock/SYY,,Jun09,Jun10,Jun11,Jun12,Jun13,Jun14,Jun15,Jun16,Jun17,Jun18,Pre-Tax Income,,,,,,"1,475.62","1,008.15","1,433.01","1,766.23","1,956.22"
https://www.gurufocus.com/stock/TDG,,Sep08,Sep09,Sep10,Sep11,Sep12,Sep13,Sep14,Sep15,Sep16,Sep17,Pre-Tax Income,,,,,,448.49,448.51,636.82,768.12,837.43
https://www.gurufocus.com/stock/TMK,,Dec08,Dec09,Dec10,Dec11,Dec12,Dec13,Dec14,Dec15,Dec16,Dec17,Pre-Tax Income,,,,,,755.32,784.68,766.19,772.24,830.65
https://www.gurufocus.com/stock/TMO,,Dec08,Dec09,Dec10,Dec11,Dec12,Dec13,Dec14,Dec15,Dec16,Dec17,Pre-Tax Income,,,,,,"1,319.50","2,087.20","1,936.00","2,024.00","2,429.00"
https://www.gurufocus.com/stock/TROW,,Dec08,Dec09,Dec10,Dec11,Dec12,Dec13,Dec14,Dec15,Dec16,Dec17,Pre-Tax Income,,,,,,"1,700.40","2,003.10","2,002.40","1,960.50","2,505.10"
https://www.gurufocus.com/stock/TSS,,Dec08,Dec09,Dec10,Dec11,Dec12,Dec13,Dec14,Dec15,Dec16,Dec17,Pre-Tax Income,,,,,,352.48,392.93,493.56,461.03,617.56
https://www.gurufocus.com/stock/TXT,,Dec08,Dec09,Dec10,Dec11,Dec12,Dec13,Dec14,Dec15,Dec16,Dec17,Pre-Tax Income,,,,,,674.00,853.00,971.00,876.00,762.00
https://www.gurufocus.com/stock/URI,,Dec08,Dec09,Dec10,Dec11,Dec12,Dec13,Dec14,Dec15,Dec16,Dec17,Pre-Tax Income,,,,,,605.00,850.00,963.00,909.00,"1,048.00"
https://www.gurufocus.com/stock/VLO,,Dec08,Dec09,Dec10,Dec11,Dec12,Dec13,Dec14,Dec15,Dec16,Dec17,Pre-Tax Income,,,,,,"3,976.00","5,552.00","5,971.00","3,182.00","3,207.00"
https://www.gurufocus.com/stock/VMC,,Dec08,Dec09,Dec10,Dec11,Dec12,Dec13,Dec14,Dec15,Dec16,Dec17,Pre-Tax Income,,,,,,-3.70,298.84,327.86,547.26,361.32
https://www.gurufocus.com/stock/VRSK,,Dec08,Dec09,Dec10,Dec11,Dec12,Dec13,Dec14,Dec15,Dec16,Dec17,Pre-Tax Income,,,,,,538.74,562.50,684.10,653.70,691.00
https://www.gurufocus.com/stock/VRSN,,Dec08,Dec09,Dec10,Dec11,Dec12,Dec13,Dec14,Dec15,Dec16,Dec17,Pre-Tax Income,,,,,,456.77,483.31,487.65,581.17,599.01
https://www.gurufocus.com/stock/VRTX,,Dec08,Dec09,Dec10,Dec11,Dec12,Dec13,Dec14,Dec15,Dec16,Dec17,Pre-Tax Income,,,,,,-626.04,-734.88,-557.80,-67.37,-15.69
https://www.gurufocus.com/stock/VTR,,Dec08,Dec09,Dec10,Dec11,Dec12,Dec13,Dec14,Dec15,Dec16,Dec17,Pre-Tax Income,,,,,,363.67,350.56,350.26,522.87,584.15
https://www.gurufocus.com/stock/WAT,,Dec08,Dec09,Dec10,Dec11,Dec12,Dec13,Dec14,Dec15,Dec16,Dec17,Pre-Tax Income,,,,,,490.11,490.74,541.92,600.11,641.10
https://www.gurufocus.com/stock/WEC,,Dec08,Dec09,Dec10,Dec11,Dec12,Dec13,Dec14,Dec15,Dec16,Dec17,Pre-Tax Income,,,,,,916.50,951.20,"1,074.10","1,506.70","1,588.40"
https://www.gurufocus.com/stock/WELL,,Dec08,Dec09,Dec10,Dec11,Dec12,Dec13,Dec14,Dec15,Dec16,Dec17,Pre-Tax Income,,,,,,102.25,384.21,636.12,709.25,299.62
https://www.gurufocus.com/stock/WU,,Dec08,Dec09,Dec10,Dec11,Dec12,Dec13,Dec14,Dec15,Dec16,Dec17,Pre-Tax Income,,,,,,926.90,968.20,941.80,341.70,347.50
https://www.gurufocus.com/stock/WYNN,,Dec08,Dec09,Dec10,Dec11,Dec12,Dec13,Dec14,Dec15,Dec16,Dec17,Pre-Tax Income,,,,,,986.52,958.86,289.25,310.60,560.27
https://www.gurufocus.com/stock/XEC,,Dec08,Dec09,Dec10,Dec11,Dec12,Dec13,Dec14,Dec15,Dec16,Dec17,Pre-Tax Income,,,,,,893.70,836.35,"-4,051.33",-623.20,682.00
https://www.gurufocus.com/stock/XRAY,,Dec08,Dec09,Dec10,Dec11,Dec12,Dec13,Dec14,Dec15,Dec16,Dec17,Pre-Tax Income,,,,,,369.30,404.40,329.70,440.90,"-1,603.50"
https://www.gurufocus.com/stock/ZTS,,Dec09,Dec10,Dec11,Dec12,Dec13,Dec14,Dec15,Dec16,Dec17,Pre-Tax Income,,,,,690.00,820.00,545.00,"1,228.00","1,525.00"
https://www.gurufocus.com/stock/ABMD,,Mar09,Mar10,Mar11,Mar12,Mar13,Mar14,Mar15,Mar16,Mar17,Mar18,Pre-Tax Income,,,,,,8.53,28.77,65.84,91.34,160.44
https://www.gurufocus.com/stock/AEE,,Dec08,Dec09,Dec10,Dec11,Dec12,Dec13,Dec14,Dec15,Dec16,Dec17,Pre-Tax Income,,,,,,829.00,970.00,948.00,"1,041.00","1,105.00"
https://www.gurufocus.com/stock/AEP,,Dec08,Dec09,Dec10,Dec11,Dec12,Dec13,Dec14,Dec15,Dec16,Dec17,Pre-Tax Income,,,,,,"2,093.30","2,402.90","2,622.90",475.60,"2,816.20"
https://www.gurufocus.com/stock/AIV,,Dec08,Dec09,Dec10,Dec11,Dec12,Dec13,Dec14,Dec15,Dec16,Dec17,Pre-Tax Income,,,,,,32.64,47.43,63.87,64.28,15.39
https://www.gurufocus.com/stock/ALLE,,Dec11,Dec12,Dec13,Dec14,Dec15,Dec16,Dec17,Pre-Tax Income,,,223.40,267.90,209.30,295.00,395.70
https://www.gurufocus.com/stock/AME,,Dec08,Dec09,Dec10,Dec11,Dec12,Dec13,Dec14,Dec15,Dec16,Dec17,Pre-Tax Income,,,,,,724.80,804.83,806.38,693.10,796.73
https://www.gurufocus.com/stock/ANET,,Dec11,Dec12,Dec13,Dec14,Dec15,Dec16,Dec17,Pre-Tax Income,,,58.28,121.51,146.01,242.23,474.76
https://www.gurufocus.com/stock/APC,,Dec08,Dec09,Dec10,Dec11,Dec12,Dec13,Dec14,Dec15,Dec16,Dec17,Pre-Tax Income,,,,,,"2,106.00",54.00,"-9,689.00","-3,829.00","-1,688.00"
https://www.gurufocus.com/stock/APTV,,Dec09,Dec10,Dec11,Dec12,Dec13,Dec14,Dec15,Dec16,Dec17,Pre-Tax Income,,,,,"1,466.00","1,615.00",997.00,"1,000.00","1,255.00"
https://www.gurufocus.com/stock/AVY,,Dec08,Dec09,Dec10,Dec11,Dec12,Dec13,Dec14,Dec15,Dec16,Dec17,Pre-Tax Income,,,,,,366.00,360.80,408.90,477.10,589.50
https://www.gurufocus.com/stock/BAX,,Dec08,Dec09,Dec10,Dec11,Dec12,Dec13,Dec14,Dec15,Dec16,Dec17,Pre-Tax Income,,,,,,375.00,490.00,428.00,"4,954.00","1,217.00"
https://www.gurufocus.com/stock/BBT,,Dec08,Dec09,Dec10,Dec11,Dec12,Dec13,Dec14,Dec15,Dec16,Dec17,Pre-Tax Income,,,,,,"3,283.00","3,127.00","2,917.00","3,500.00","3,326.00"
https://www.gurufocus.com/stock/CDNS,,Dec08,Dec09,Dec10,Dec11,Dec12,Dec13,Dec14,Dec15,Dec16,Dec17,Pre-Tax Income,,,,,,159.00,181.00,267.60,237.15,315.05
https://www.gurufocus.com/stock/CINF,,Dec08,Dec09,Dec10,Dec11,Dec12,Dec13,Dec14,Dec15,Dec16,Dec17,Pre-Tax Income,,,,,,714.00,721.00,881.00,812.00,730.00
https://www.gurufocus.com/stock/COO,,Oct08,Oct09,Oct10,Oct11,Oct12,Oct13,Oct14,Oct15,Oct16,Oct17,Pre-Tax Income,,,,,,312.27,296.53,215.50,295.60,394.00
https://www.gurufocus.com/stock/CTAS,,May09,May10,May11,May12,May13,May14,May15,May16,May17,May18,Pre-Tax Income,,,,,,537.13,640.56,705.32,687.40,841.00
https://www.gurufocus.com/stock/DE,,Oct08,Oct09,Oct10,Oct11,Oct12,Oct13,Oct14,Oct15,Oct16,Oct17,Pre-Tax Income,,,,,,"5,483.40","4,797.40","2,780.10","2,224.00","3,153.80"
https://www.gurufocus.com/stock/DOV,,Dec08,Dec09,Dec10,Dec11,Dec12,Dec13,Dec14,Dec15,Dec16,Dec17,Pre-Tax Income,,,,,,"1,045.99","1,094.21",800.61,689.33,973.84
https://www.gurufocus.com/stock/DUK,,Dec08,Dec09,Dec10,Dec11,Dec12,Dec13,Dec14,Dec15,Dec16,Dec17,Pre-Tax Income,,,,,,"3,795.00","3,763.00","3,910.00","3,734.00","4,266.00"
https://www.gurufocus.com/stock/ES,,Dec08,Dec09,Dec10,Dec11,Dec12,Dec13,Dec14,Dec15,Dec16,Dec17,Pre-Tax Income,,,,,,"1,220.63","1,295.36","1,425.97","1,504.82","1,574.41"
https://www.gurufocus.com/stock/EXPE,,Dec08,Dec09,Dec10,Dec11,Dec12,Dec13,Dec14,Dec15,Dec16,Dec17,Pre-Tax Income,,,,,,300.69,464.64,925.96,276.60,416.76
https://www.gurufocus.com/stock/F,,Dec08,Dec09,Dec10,Dec11,Dec12,Dec13,Dec14,Dec15,Dec16,Dec17,Pre-Tax Income,,,,,,"14,371.00","1,234.00","10,252.00","6,796.00","8,148.00"
https://www.gurufocus.com/stock/GD,,Dec08,Dec09,Dec10,Dec11,Dec12,Dec13,Dec14,Dec15,Dec16,Dec17,Pre-Tax Income,,,,,,"3,611.00","3,802.00","4,219.00","3,656.00","4,077.00"
https://www.gurufocus.com/stock/GIS,,May09,May10,May11,May12,May13,May14,May15,May16,May17,May18,Pre-Tax Income,,,,,,"2,655.00","1,761.90","2,403.60","2,271.30","2,135.60"
https://www.gurufocus.com/stock/GPN,,May08,May09,May10,May11,May12,May13,May14,May15,May16,Dec17,Pre-Tax Income,,,,,,334.28,377.35,417.11,360.91,392.68
https://www.gurufocus.com/stock/GWW,,Dec08,Dec09,Dec10,Dec11,Dec12,Dec13,Dec14,Dec15,Dec16,Dec17,Pre-Tax Income,,,,,,"1,287.60","1,334.39","1,250.71","1,019.06",935.32
https://www.gurufocus.com/stock/HBAN,,Dec08,Dec09,Dec10,Dec11,Dec12,Dec13,Dec14,Dec15,Dec16,Dec17,Pre-Tax Income,,,,,,868.76,852.99,914.00,920.00,"1,394.00"
https://www.gurufocus.com/stock/HBI,,Dec08,Dec09,Dec10,Dec11,Dec12,Dec13,Dec14,Dec15,Dec16,Dec17,Pre-Tax Income,,,,,,395.80,464.97,473.87,571.20,537.27
https://www.gurufocus.com/stock/HII,,Dec10,Dec11,Dec12,Dec13,Dec14,Dec15,Dec16,Dec17,Pre-Tax Income,,,,394.00,507.00,632.00,784.00,772.00
https://www.gurufocus.com/stock/HON,,Dec08,Dec09,Dec10,Dec11,Dec12,Dec13,Dec14,Dec15,Dec16,Dec17,Pre-Tax Income,,,,,,"5,412.00","5,818.00","6,586.00","6,447.00","6,902.00"
https://www.gurufocus.com/stock/HRB,,Apr09,Apr10,Apr11,Apr12,Apr13,Apr14,Apr15,Apr16,Apr17,Apr18,Pre-Tax Income,,,,,,767.12,742.81,569.48,629.29,668.73
https://www.gurufocus.com/stock/HRL,,Oct08,Oct09,Oct10,Oct11,Oct12,Oct13,Oct14,Oct15,Oct16,Oct17,Pre-Tax Income,,,,,,798.51,922.15,"1,057.14","1,317.22","1,278.65"
https://www.gurufocus.com/stock/HSIC,,Dec08,Dec09,Dec10,Dec11,Dec12,Dec13,Dec14,Dec15,Dec16,Dec17,Pre-Tax Income,,,,,,664.69,709.31,720.76,755.84,822.85
https://www.gurufocus.com/stock/IPGP,,Dec08,Dec09,Dec10,Dec11,Dec12,Dec13,Dec14,Dec15,Dec16,Dec17,Pre-Tax Income,,,,,,218.30,284.47,341.62,366.57,551.87
https://www.gurufocus.com/stock/JBHT,,Dec08,Dec09,Dec10,Dec11,Dec12,Dec13,Dec14,Dec15,Dec16,Dec17,Pre-Tax Income,,,,,,553.57,604.60,690.20,695.80,595.24
https://www.gurufocus.com/stock/JWN,,Jan09,Jan10,Jan11,Jan12,Jan13,Jan14,Jan15,Jan16,Jan17,Jan18,Pre-Tax Income,,,,,,"1,189.00","1,185.00",976.00,684.00,790.00
https://www.gurufocus.com/stock/KIM,,Dec08,Dec09,Dec10,Dec11,Dec12,Dec13,Dec14,Dec15,Dec16,Dec17,Pre-Tax Income,,,,,,59.57,102.11,168.92,68.03,146.33
https://www.gurufocus.com/stock/KSS,,Jan09,Jan10,Jan11,Jan12,Jan13,Jan14,Jan15,Jan16,Jan17,Jan18,Pre-Tax Income,,,,,,"1,404.00","1,349.00","1,057.00",875.00,"1,117.00"
https://www.gurufocus.com/stock/KSU,,Dec08,Dec09,Dec10,Dec11,Dec12,Dec13,Dec14,Dec15,Dec16,Dec17,Pre-Tax Income,,,,,,551.60,713.10,672.60,662.70,874.30
https://www.gurufocus.com/stock/LEG,,Dec08,Dec09,Dec10,Dec11,Dec12,Dec13,Dec14,Dec15,Dec16,Dec17,Pre-Tax Income,,,,,,237.60,295.50,449.80,487.10,432.00
https://www.gurufocus.com/stock/LH,,Dec08,Dec09,Dec10,Dec11,Dec12,Dec13,Dec14,Dec15,Dec16,Dec17,Pre-Tax Income,,,,,,915.60,820.60,726.00,"1,105.50","1,134.90"
https://www.gurufocus.com/stock/LKQ,,Dec08,Dec09,Dec10,Dec11,Dec12,Dec13,Dec14,Dec15,Dec16,Dec17,Pre-Tax Income,,,,,,475.83,587.89,649.03,677.28,766.63
https://www.gurufocus.com/stock/LNT,,Dec08,Dec09,Dec10,Dec11,Dec12,Dec13,Dec14,Dec15,Dec16,Dec17,Pre-Tax Income,,,,,,436.00,440.00,461.30,443.40,532.80
https://www.gurufocus.com/stock/M,,Jan09,Jan10,Jan11,Jan12,Jan13,Jan14,Jan15,Jan16,Jan17,Jan18,Pre-Tax Income,,,,,,"2,290.00","2,390.00","1,678.00",952.00,"1,507.00"
https://www.gurufocus.com/stock/MCD,,Dec08,Dec09,Dec10,Dec11,Dec12,Dec13,Dec14,Dec15,Dec16,Dec17,Pre-Tax Income,,,,,,"8,204.50","7,372.00","6,555.70","6,866.00","8,573.50"
https://www.gurufocus.com/stock/MKC,,Nov08,Nov09,Nov10,Nov11,Nov12,Nov13,Nov14,Nov15,Nov16,Nov17,Pre-Tax Income,,,,,,499.40,554.40,496.20,589.20,594.80
https://www.gurufocus.com/stock/MMM,,Dec08,Dec09,Dec10,Dec11,Dec12,Dec13,Dec14,Dec15,Dec16,Dec17,Pre-Tax Income,,,,,,"6,562.00","7,026.00","6,823.00","7,053.00","7,548.00"
https://www.gurufocus.com/stock/MNST,,Dec08,Dec09,Dec10,Dec11,Dec12,Dec13,Dec14,Dec15,Dec16,Dec17,Pre-Tax Income,,,,,,563.89,745.79,891.55,"1,079.69","1,201.62"
https://www.gurufocus.com/stock/MOS,,May08,May09,May10,May11,May12,May13,Dec14,Dec15,Dec16,Dec17,Pre-Tax Income,,,,,,"2,214.50","1,217.30","1,103.30",242.40,374.00
https://www.gurufocus.com/stock/MSI,,Dec08,Dec09,Dec10,Dec11,Dec12,Dec13,Dec14,Dec15,Dec16,Dec17,Pre-Tax Income,,,,,,880.00,"-1,161.00",917.00,844.00,"1,076.00"
https://www.gurufocus.com/stock/MTD,,Dec08,Dec09,Dec10,Dec11,Dec12,Dec13,Dec14,Dec15,Dec16,Dec17,Pre-Tax Income,,,,,,402.71,445.00,463.42,504.19,574.22
https://www.gurufocus.com/stock/NEM,,Dec08,Dec09,Dec10,Dec11,Dec12,Dec13,Dec14,Dec15,Dec16,Dec17,Pre-Tax Income,,,,,,"-3,606.00",821.00,295.00,-214.00,"1,092.00"
https://www.gurufocus.com/stock/NTAP,,Apr09,Apr10,Apr11,Apr12,Apr13,Apr14,Apr15,Apr16,Apr17,Apr18,Pre-Tax Income,,,,,,741.00,713.00,345.00,665.00,"1,166.00"
https://www.gurufocus.com/stock/NTRS,,Dec08,Dec09,Dec10,Dec11,Dec12,Dec13,Dec14,Dec15,Dec16,Dec17,Pre-Tax Income,,,,,,"1,075.50","1,190.20","1,465.00","1,517.10","1,633.90"
https://www.gurufocus.com/stock/NWS,,Jun10,Jun11,Jun12,Jun13,Jun14,Jun15,Jun16,Jun17,Jun18,Pre-Tax Income,,,,,-178.00,552.00,181.00,-615.00,"-1,089.00"
https://www.gurufocus.com/stock/O,,Dec08,Dec09,Dec10,Dec11,Dec12,Dec13,Dec14,Dec15,Dec16,Dec17,Pre-Tax Income,,,,,,182.96,272.60,288.02,319.74,325.36
https://www.gurufocus.com/stock/PBCT,,Dec08,Dec09,Dec10,Dec11,Dec12,Dec13,Dec14,Dec15,Dec16,Dec17,Pre-Tax Income,,,,,,347.60,380.60,390.50,409.50,467.10
https://www.gurufocus.com/stock/PFG,,Dec08,Dec09,Dec10,Dec11,Dec12,Dec13,Dec14,Dec15,Dec16,Dec17,Pre-Tax Income,,,,,,"1,124.00","1,494.90","1,430.80","1,591.70","2,252.20"
https://www.gurufocus.com/stock/PHM,,Dec08,Dec09,Dec10,Dec11,Dec12,Dec13,Dec14,Dec15,Dec16,Dec17,Pre-Tax Income,,,,,,527.82,689.76,816.02,933.85,938.83
https://www.gurufocus.com/stock/PKG,,Dec08,Dec09,Dec10,Dec11,Dec12,Dec13,Dec14,Dec15,Dec16,Dec17,Pre-Tax Income,,,,,,423.60,614.30,664.50,688.50,828.60
https://www.gurufocus.com/stock/PNR,,Dec08,Dec09,Dec10,Dec11,Dec12,Dec13,Dec14,Dec15,Dec16,Dec17,Pre-Tax Income,,,,,,694.50,470.90,512.50,561.00,489.20
https://www.gurufocus.com/stock/PPG,,Dec08,Dec09,Dec10,Dec11,Dec12,Dec13,Dec14,Dec15,Dec16,Dec17,Pre-Tax Income,,,,,,"1,226.00","1,346.00","1,745.00",779.00,"2,005.00"
https://www.gurufocus.com/stock/SCG,,Dec08,Dec09,Dec10,Dec11,Dec12,Dec13,Dec14,Dec15,Dec16,Dec17,Pre-Tax Income,,,,,,694.00,786.00,"1,139.00",866.00,-231.00
https://www.gurufocus.com/stock/SEE,,Dec08,Dec09,Dec10,Dec11,Dec12,Dec13,Dec14,Dec15,Dec16,Dec17,Pre-Tax Income,,,,,,180.20,267.20,291.40,387.90,393.30
https://www.gurufocus.com/stock/SPG,,Dec08,Dec09,Dec10,Dec11,Dec12,Dec13,Dec14,Dec15,Dec16,Dec17,Pre-Tax Income,,,,,,"1,406.33","1,650.25","2,159.55","2,164.38","2,268.25"
https://www.gurufocus.com/stock/SRE,,Dec08,Dec09,Dec10,Dec11,Dec12,Dec13,Dec14,Dec15,Dec16,Dec17,Pre-Tax Income,,,,,,"1,430.00","1,524.00","1,704.00","1,830.00","1,585.00"
https://www.gurufocus.com/stock/TGT,,Jan09,Jan10,Jan11,Jan12,Jan13,Jan14,Jan15,Jan16,Jan17,Jan18,Pre-Tax Income,,,,,,"4,121.00","3,653.00","4,923.00","3,965.00","3,646.00"
https://www.gurufocus.com/stock/TRIP,,Dec08,Dec09,Dec10,Dec11,Dec12,Dec13,Dec14,Dec15,Dec16,Dec17,Pre-Tax Income,,,,,,284.00,322.00,239.00,151.00,110.00
https://www.gurufocus.com/stock/TSCO,,Dec08,Dec09,Dec10,Dec11,Dec12,Dec13,Dec14,Dec15,Dec16,Dec17,Pre-Tax Income,,,,,,514.09,587.59,647.62,688.27,672.52
https://www.gurufocus.com/stock/TWTR,,Dec10,Dec11,Dec12,Dec13,Dec14,Dec15,Dec16,Dec17,Pre-Tax Income,,,,-647.15,-578.35,-533.31,-440.83,-95.42
https://www.gurufocus.com/stock/UA,,Dec08,Dec09,Dec10,Dec11,Dec12,Dec13,Dec14,Dec15,Dec16,Dec17,Pre-Tax Income,,,,,,260.99,342.21,386.69,388.28,-10.31
https://www.gurufocus.com/stock/UAA,,Dec08,Dec09,Dec10,Dec11,Dec12,Dec13,Dec14,Dec15,Dec16,Dec17,Pre-Tax Income,,,,,,260.99,342.21,386.69,388.28,-10.31
https://www.gurufocus.com/stock/UAL,,Dec08,Dec09,Dec10,Dec11,Dec12,Dec13,Dec14,Dec15,Dec16,Dec17,Pre-Tax Income,,,,,,539.00,"1,128.00","4,219.00","3,819.00","2,999.00"
https://www.gurufocus.com/stock/UDR,,Dec08,Dec09,Dec10,Dec11,Dec12,Dec13,Dec14,Dec15,Dec16,Dec17,Pre-Tax Income,,,,,,-4.96,1.16,101.60,105.76,89.01
https://www.gurufocus.com/stock/VAR,,Sep08,Sep09,Sep10,Sep11,Sep12,Sep13,Sep14,Sep15,Sep16,Sep17,Pre-Tax Income,,,,,,612.08,574.50,401.30,440.60,344.80
https://www.gurufocus.com/stock/VFC,,Dec08,Dec09,Dec10,Dec11,Dec12,Dec13,Dec14,Dec15,Dec16,Dec17,Pre-Tax Income,,,,,,"1,562.49","1,713.58","1,564.26","1,284.72","1,416.50"
https://www.gurufocus.com/stock/WCG,,Dec08,Dec09,Dec10,Dec11,Dec12,Dec13,Dec14,Dec15,Dec16,Dec17,Pre-Tax Income,,,,,,278.30,177.80,336.10,529.50,442.90
https://www.gurufocus.com/stock/WM,,Dec08,Dec09,Dec10,Dec11,Dec12,Dec13,Dec14,Dec15,Dec16,Dec17,Pre-Tax Income,,,,,,494.00,"1,751.00","1,060.00","1,822.00","2,191.00"
https://www.gurufocus.com/stock/WMB,,Dec08,Dec09,Dec10,Dec11,Dec12,Dec13,Dec14,Dec15,Dec16,Dec17,Pre-Tax Income,,,,,,"1,080.00","3,584.00","-1,713.00",-375.00,535.00
https://www.gurufocus.com/stock/XLNX,,Mar09,Mar10,Mar11,Mar12,Mar13,Mar14,Mar15,Mar16,Mar17,Mar18,Pre-Tax Income,,,,,,709.53,740.08,636.83,691.08,750.41
https://www.gurufocus.com/stock/XRX,,Dec08,Dec09,Dec10,Dec11,Dec12,Dec13,Dec14,Dec15,Dec16,Dec17,Pre-Tax Income,,,,,,"1,243.00","1,090.00",924.00,568.00,570.00
https://www.gurufocus.com/stock/YUM,,Dec08,Dec09,Dec10,Dec11,Dec12,Dec13,Dec14,Dec15,Dec16,Dec17,Pre-Tax Income,,,,,,"1,551.00","1,374.00","1,253.00","1,345.00","2,274.00"
https://www.gurufocus.com/stock/IQV,,Dec10,Dec11,Dec12,Dec13,Dec14,Dec15,Dec16,Dec17,Pre-Tax Income,,,,323.12,501.00,539.00,479.00,331.00
