https://www.londonstockexchange.com/exchange/prices-and-markets/stocks/summary/company-summary/GB00BCDBXK43GBGBXASX1.html,Income,31-May-14,31-May-15,31-May-16,31-May-17,31-May-18, , , ,Profit Before Tax,1.35,1.62,3.35,4.08,7.85
https://www.londonstockexchange.com/exchange/prices-and-markets/stocks/summary/company-summary/GB00BFZ45C84GBGBXASX1.html,Income,31-Jan-14,31-Jan-15,31-Jan-16,31-Jan-17,31-Jan-18, , , ,Profit Before Tax,-2.25,-1.52,-0.37,-15.48,-1.96
https://www.londonstockexchange.com/exchange/prices-and-markets/stocks/summary/company-summary/GB0008866310GBGBXASX1.html,Income,31-Dec-13,31-Dec-14,31-Dec-15,31-Dec-16,31-Dec-17, , , ,Profit Before Tax,-0.22,-0.42,-4.82,-2.31,-0.36
https://www.londonstockexchange.com/exchange/prices-and-markets/stocks/summary/company-summary/GB00B1YW4409GBGBXSET1.html,Income,31-Mar-14,31-Mar-15,31-Mar-16,31-Mar-17,31-Mar-18, , , ,Profit Before Tax,n/a,n/a,n/a,n/a,n/a
https://www.londonstockexchange.com/exchange/prices-and-markets/stocks/summary/company-summary/GB00BJL5BR07GBGBXAMSM.html,Income,31-Dec-14,31-Dec-15,31-Dec-16,31-Dec-17, , , , ,Profit Before Tax,-2.00,-10.06,-11.71,-23.99
https://www.londonstockexchange.com/exchange/prices-and-markets/stocks/summary/company-summary/GB0006640972GBGBXSSMM.html,Income,28-Dec-13,27-Dec-14,02-Jan-16,31-Dec-16,30-Dec-17, , , ,Profit Before Tax,9.25,23.34,31.16,34.15,40.66
https://www.londonstockexchange.com/exchange/prices-and-markets/stocks/summary/company-summary/GB0008121641GBGBXASQ1.html,Income,29-Mar-14,28-Mar-15,02-Apr-16,01-Apr-17,31-Mar-18, , , ,Profit Before Tax,2.48,3.68,1.01,3.23,3.86
https://www.londonstockexchange.com/exchange/prices-and-markets/stocks/summary/company-summary/GB00BMH46555GBGBXASX1.html,Income,31-Mar-14,31-Dec-14,31-Dec-15,31-Dec-16,31-Dec-17, , , ,Profit Before Tax,-1.28,-2.61,-7.91,-5.33,-5.03
https://www.londonstockexchange.com/exchange/prices-and-markets/stocks/summary/company-summary/AU00000088E2GBGBXASQ1.html,Income,31-Dec-13,31-Dec-14,31-Dec-15,31-Dec-16,31-Dec-17, , , ,Profit Before Tax,-6.89,-27.71,-6.30,-9.40,-8.41
https://www.londonstockexchange.com/exchange/prices-and-markets/stocks/summary/company-summary/GI000A0F6407GBGBXSTMM.html,Income,31-Dec-13,31-Dec-14,31-Dec-15,31-Dec-16,31-Dec-17, , , ,Profit Before Tax,55.40,75.60,32.60,59.30,19.00
https://www.londonstockexchange.com/exchange/prices-and-markets/stocks/summary/company-summary/GB0007395642GBGBXSSQ3.html,Income,31-Mar-14,31-Mar-15,31-Mar-16,03-Apr-17,31-Mar-18, , , ,Profit Before Tax,-0.33,-0.18,-0.62,-0.96,-0.58
https://www.londonstockexchange.com/exchange/prices-and-markets/stocks/summary/company-summary/GB0006731235GBGBXSET1.html,Income,14-Sep-13,13-Sep-14,12-Sep-15,17-Sep-16,16-Sep-17, , , ,Profit Before Tax,863.00,1007.00,669.00,985.00,1513.00
https://www.londonstockexchange.com/exchange/prices-and-markets/stocks/summary/company-summary/GB00BMSKPJ95GBGBXSTMM.html,Income,31-Jan-14,31-Jan-15,31-Jan-16,31-Jan-17,31-Jan-18, , , ,Profit Before Tax,192.40,59.90,16.00,99.00,142.00
https://www.londonstockexchange.com/exchange/prices-and-markets/stocks/summary/company-summary/GB00B9GQVG73GBGBXASQ1.html,Income,31-Aug-13,31-Aug-14,31-Aug-15,31-Aug-16,31-Aug-17, , , ,Profit Before Tax,1.87,2.68,3.82,4.45,4.47
https://www.londonstockexchange.com/exchange/prices-and-markets/stocks/summary/company-summary/GB0006048770GBGBXSSMM.html,Income,31-Mar-14,31-Mar-15,31-Mar-16,31-Mar-17,31-Mar-18, , , ,Profit Before Tax,n/a,n/a,n/a,n/a,n/a
https://www.londonstockexchange.com/exchange/prices-and-markets/stocks/summary/company-summary/GB00B6774699GBGBXAMSM.html,Income,30-Jun-14,30-Jun-15,30-Jun-16,30-Jun-17,30-Jun-18, , , ,Profit Before Tax,43.55,46.10,45.41,51.87,69.10
https://www.londonstockexchange.com/exchange/prices-and-markets/stocks/summary/company-summary/GB0000100767GBGBXSSMM.html,Income,31-Jul-13,31-Jul-14,31-Jul-15,31-Jul-16,31-Jul-17, , , ,Profit Before Tax,101.10,-11.42,n/a,n/a,n/a
https://www.londonstockexchange.com/exchange/prices-and-markets/stocks/summary/company-summary/GB00B0P6J834GBGBXSSMM.html,Income,31-Dec-13,31-Dec-14,31-Dec-15,31-Dec-16,31-Dec-17, , , ,Profit Before Tax,-10.26,28.24,-35.81,93.92,62.50
https://www.londonstockexchange.com/exchange/prices-and-markets/stocks/summary/company-summary/GB0000059971GBGBXSET3.html,Income,28-Feb-14,28-Feb-15,28-Feb-16,28-Feb-17,28-Feb-18, , , ,Profit Before Tax,-30.42,27.71,-11.00,23.69,17.30
https://www.londonstockexchange.com/exchange/prices-and-markets/stocks/summary/company-summary/GB00BBM56V29GBGBXSSMM.html,Income,30-Apr-14,30-Apr-15,30-Apr-16,30-Apr-17,30-Apr-18, , , ,Profit Before Tax,-23.06,39.73,-42.43,81.75,36.17
https://www.londonstockexchange.com/exchange/prices-and-markets/stocks/summary/company-summary/GB00BFZ0WT29GBGBXSSQ3.html,Income,31-Jul-13,31-Jul-14,31-Jul-15,31-Jul-16,31-Jul-17, , , ,Profit Before Tax,101.10,-11.42,n/a,n/a,n/a
https://www.londonstockexchange.com/exchange/prices-and-markets/stocks/summary/company-summary/GB0001297562GBGBXSSMM.html,Income,30-Sep-12,30-Sep-13,30-Sep-14,30-Sep-15,30-Sep-16, , , ,Profit Before Tax,57.50,56.28,27.29,n/a,n/a
https://www.londonstockexchange.com/exchange/prices-and-markets/stocks/summary/company-summary/GB0003920757GBGBXSSQ3.html,Income,31-Mar-13,31-Mar-14,31-Mar-15,31-Mar-16,31-Mar-17, , , ,Profit Before Tax,8.62,-4.42,25.58,n/a,n/a
https://www.londonstockexchange.com/exchange/prices-and-markets/stocks/summary/company-summary/GB0008063728GBGBXSSQ3.html,Income,31-Dec-13,31-Dec-14,31-Dec-15,31-Dec-16,31-Dec-17, , , ,Profit Before Tax,n/a,n/a,n/a,n/a,n/a
https://www.londonstockexchange.com/exchange/prices-and-markets/stocks/summary/company-summary/GB00BD9PXH49GBGBXSSMM.html
https://www.londonstockexchange.com/exchange/prices-and-markets/stocks/summary/company-summary/GB00BYPBD394GBGBXSSMM.html,Income,30-Jun-18, , , , , , , ,Profit Before Tax,12.95
https://www.londonstockexchange.com/exchange/prices-and-markets/stocks/summary/company-summary/GB00BYPBD519GBGBXSSQ3.html,Income,30-Jun-18, , , , , , , ,Profit Before Tax,12.95
https://www.londonstockexchange.com/exchange/prices-and-markets/stocks/summary/company-summary/GB0000066554GBGBXSTMM.html,Income,31-Dec-14,31-Dec-15,31-Dec-16,31-Dec-17, , , , ,Profit Before Tax,-7.59,112.18,62.39,262.35
https://www.londonstockexchange.com/exchange/prices-and-markets/stocks/summary/company-summary/GB00BN65QN46GBGBXASQ1.html,Income,31-Mar-14,31-Mar-15,31-Mar-16,31-Mar-17,31-Mar-18, , , ,Profit Before Tax,-4.10,-5.22,-10.66,-9.46,-14.75
https://www.londonstockexchange.com/exchange/prices-and-markets/stocks/summary/company-summary/GB00B61D2N63GBGBXSSMM.html,Income,31-Dec-13,31-Dec-14,31-Dec-15,31-Dec-16,31-Dec-17, , , ,Profit Before Tax,-928.74,115.19,-124.16,242.06,-709.67
https://www.londonstockexchange.com/exchange/prices-and-markets/stocks/summary/company-summary/GB0033835264GBGBXASX1.html,Income,30-Nov-13,30-Nov-14,30-Nov-15,30-Nov-16,30-Nov-17, , , ,Profit Before Tax,-2.64,-0.93,-4.69,-3.35,-3.54
https://www.londonstockexchange.com/exchange/prices-and-markets/stocks/summary/company-summary/GB0001771426GBGBXASQ1.html,Income,31-Dec-13,31-Dec-14,31-Dec-15,31-Dec-16,31-Dec-17, , , ,Profit Before Tax,2.22,5.13,7.22,10.10,7.17
https://www.londonstockexchange.com/exchange/prices-and-markets/stocks/summary/company-summary/GB00BZ6VT592GBGBXASQ1.html,Income,30-Apr-15,30-Apr-16,30-Apr-17, , , , , ,Profit Before Tax,-0.35,6.98,9.40
https://www.londonstockexchange.com/exchange/prices-and-markets/stocks/summary/company-summary/GB00BQQFX454GBGBXSSMU.html,Income,31-Mar-14,31-Mar-15,31-Mar-16,31-Mar-17,31-Mar-18, , , ,Profit Before Tax,-7.28,-6.56,-0.47,-4.36,-10.40
https://www.londonstockexchange.com/exchange/prices-and-markets/stocks/summary/company-summary/GB00B1YMN108GBGBXASQ1.html,Income,31-Dec-13,31-Dec-14,31-Dec-15,31-Dec-16,31-Dec-17, , , ,Profit Before Tax,-2.27,-2.71,-5.47,-2.37,-8.29
https://www.londonstockexchange.com/exchange/prices-and-markets/stocks/summary/company-summary/GB00BJ05QC14GBGBXASQ1.html,Income,30-Sep-13,30-Sep-14,30-Sep-15,30-Sep-16,30-Sep-17, , , ,Profit Before Tax,-0.78,-1.58,-2.41,-5.98,-7.87
https://www.londonstockexchange.com/exchange/prices-and-markets/stocks/summary/company-summary/VGG008271246GBUSDASQ1.html,Income,31-Dec-13,31-Dec-14,31-Dec-15,31-Dec-16,31-Dec-17, , , ,Profit Before Tax,-1.72,-0.54,-3.92,-37.16,11.69
https://www.londonstockexchange.com/exchange/prices-and-markets/stocks/summary/company-summary/GB00B0WY3Y47GBGBXASX1.html,Income,31-Mar-14,31-Mar-15,31-Mar-16,31-Mar-17,31-Mar-18, , , ,Profit Before Tax,1.84,2.14,2.75,3.40,4.52
https://www.londonstockexchange.com/exchange/prices-and-markets/stocks/summary/company-summary/GB00B8GRBX01GBGBXASX1.html,Income,30-Sep-13,30-Sep-14,30-Sep-15,30-Sep-16, , , , ,Profit Before Tax,-2.44,-1.95,-1.36,-1.41
https://www.londonstockexchange.com/exchange/prices-and-markets/stocks/summary/company-summary/AEDFXA1EN018GBUSDSSMU.html,Income,31-Dec-14,31-Dec-15,31-Dec-16,31-Dec-17, , , , ,Profit Before Tax,23.23,25.63,41.30,43.41
https://www.londonstockexchange.com/exchange/prices-and-markets/stocks/summary/company-summary/GB00B02J6398GBGBXSET1.html,Income,31-Dec-13,31-Dec-14,31-Dec-15,31-Dec-16,31-Dec-17, , , ,Profit Before Tax,370.20,350.70,368.70,278.40,403.50
https://www.londonstockexchange.com/exchange/prices-and-markets/stocks/summary/company-summary/GB0004536594GBGBXAMSM.html,Income,31-Dec-13,31-Dec-14,31-Dec-15,31-Dec-16,31-Dec-17, , , ,Profit Before Tax,13.14,15.22,17.00,19.10,25.28
https://www.londonstockexchange.com/exchange/prices-and-markets/stocks/summary/company-summary/GB00BD6SX109GBGBXASX1.html,Income,31-Dec-13,31-Dec-14,31-Dec-15,31-Dec-16,31-Dec-17, , , ,Profit Before Tax,-3.43,-6.33,-8.63,-13.18,-16.49
https://www.londonstockexchange.com/exchange/prices-and-markets/stocks/summary/company-summary/GB00BPT24C10GBGBXASX1.html,Income,30-Jun-13,30-Jun-14,30-Jun-15,30-Jun-16,30-Jun-17, , , ,Profit Before Tax,-0.78,-0.56,-1.79,-0.52,0.21
https://www.londonstockexchange.com/exchange/prices-and-markets/stocks/summary/company-summary/GB00B4QHH456GBGBXASX1.html,Income,30-Jun-13,30-Jun-14,30-Jun-15,30-Jun-16,30-Jun-17, , , ,Profit Before Tax,0.36,0.50,0.38,0.34,0.25
https://www.londonstockexchange.com/exchange/prices-and-markets/stocks/summary/company-summary/GB00BDVK7088GBGBXSSQ3.html
https://www.londonstockexchange.com/exchange/prices-and-markets/stocks/summary/company-summary/GB00BWD24154GBGBXSSQ3.html,Income,30-Apr-16,30-Apr-17,31-Mar-18, , , , , ,Profit Before Tax,4.64,6.10,9.82
https://www.londonstockexchange.com/exchange/prices-and-markets/stocks/summary/company-summary/FI0009800098GBGBXSSQ3.html,Income,31-Dec-13,31-Dec-14,31-Dec-15,31-Dec-16,31-Dec-17, , , ,Profit Before Tax,-8.84,3.76,6.93,-3.25,1.17
https://www.londonstockexchange.com/exchange/prices-and-markets/stocks/summary/company-summary/GB00B18S7B29GBGBXAMSM.html,Income,31-Oct-12,31-Oct-13,31-Oct-14,31-Oct-15,31-Oct-16, , , ,Profit Before Tax,-4.16,-4.50,-5.86,-5.35,-6.48
https://www.londonstockexchange.com/exchange/prices-and-markets/stocks/summary/company-summary/GB00B4W5WQ08GBGBXASQ1.html,Income,31-Oct-13,31-Oct-14,31-Oct-15,31-Oct-16,31-Oct-17, , , ,Profit Before Tax,1.05,0.86,1.59,2.03,3.64
https://www.londonstockexchange.com/exchange/prices-and-markets/stocks/summary/company-summary/GB00BYWJZ743GBGBXASQ1.html,Income,30-Sep-13,30-Sep-14,30-Sep-15,30-Sep-16,30-Sep-17, , , ,Profit Before Tax,-2.02,-1.38,-1.77,-1.78,-3.94
https://www.londonstockexchange.com/exchange/prices-and-markets/stocks/summary/company-summary/GG00BD95V148GBGBXASQ1.html,Income,28-Feb-15,28-Feb-16,28-Feb-17,28-Feb-18, , , , ,Profit Before Tax,0.00,0.01,-0.23,-1.53
https://www.londonstockexchange.com/exchange/prices-and-markets/stocks/summary/company-summary/GB00BC4F3V69GBGBXASQ1.html,Income,31-Dec-14,31-Dec-15,31-Mar-16,31-Mar-17,31-Mar-18, , , ,Profit Before Tax,-6.04,-7.20,-0.52,0.93,1.66
https://www.londonstockexchange.com/exchange/prices-and-markets/stocks/summary/company-summary/GB00BK1PTB77GBGBXSTMM.html,Income,31-Dec-13,31-Dec-14,31-Dec-15,31-Dec-16,31-Dec-17, , , ,Profit Before Tax,333.00,289.00,226.00,172.00,154.00
https://www.londonstockexchange.com/exchange/prices-and-markets/stocks/summary/company-summary/GG00BDG13C09GBGBXAMSM.html,Income,31-May-13,31-May-14,31-May-15,31-May-16,31-Mar-17, , , ,Profit Before Tax,-7.91,-5.63,-15.80,-7.64,-3.62
https://www.londonstockexchange.com/exchange/prices-and-markets/stocks/summary/company-summary/KYG0180A1022GBGBXSSQ3.html,Income,31-Oct-17, , , , , , , ,Profit Before Tax,-0.08
https://www.londonstockexchange.com/exchange/prices-and-markets/stocks/summary/company-summary/GB00BD736828GBGBXSET3.html,Income,31-Jan-14,31-Jan-15,31-Jan-16,31-Jan-17,31-Jan-18, , , ,Profit Before Tax,4.16,2.64,236.59,231.01,278.50
https://www.londonstockexchange.com/exchange/prices-and-markets/stocks/summary/company-summary/GB0008123027GBGBXASX1.html,Income,30-Jun-13,30-Jun-14,30-Jun-15,30-Jun-16,31-Dec-17, , , ,Profit Before Tax,0.53,0.33,0.65,1.39,-1.51
https://www.londonstockexchange.com/exchange/prices-and-markets/stocks/summary/company-summary/US00973E1029GBGBXASX1.html,Income,31-Dec-13,31-Dec-14,31-Dec-15,31-Dec-16,31-Dec-17, , , ,Profit Before Tax,-1.53,-3.13,-9.58,-3.30,-5.81
https://www.londonstockexchange.com/exchange/prices-and-markets/stocks/summary/company-summary/GB00B06KBB18GBGBXASQ1.html,Income,30-Nov-13,30-Nov-14,30-Nov-15,30-Nov-16,30-Nov-17, , , ,Profit Before Tax,0.50,-0.24,-0.29,-0.43,-0.52
https://www.londonstockexchange.com/exchange/prices-and-markets/stocks/summary/company-summary/IL0011354904GBGBXASQ1.html,Income,31-Dec-14,31-Dec-15,31-Dec-16,31-Dec-17, , , , ,Profit Before Tax,4.60,-6.17,-9.16,-11.62
https://www.londonstockexchange.com/exchange/prices-and-markets/stocks/summary/company-summary/GB00B1G3LR35GBGBXSSQ3.html,Income,31-Mar-14,31-Mar-15,31-Mar-16,31-Mar-17,31-Mar-18, , , ,Profit Before Tax,2.96,1.48,2.17,5.08,7.15
https://www.londonstockexchange.com/exchange/prices-and-markets/stocks/summary/company-summary/GB0002039625GBGBXSSQ3.html,Income,31-Mar-14,31-Mar-15,31-Mar-16,31-Mar-17,31-Mar-18, , , ,Profit Before Tax,1.14,3.44,4.17,7.13,4.88
https://www.londonstockexchange.com/exchange/prices-and-markets/stocks/summary/company-summary/GB0004832472GBGBXSSQ3.html,Income,31-Dec-13,31-Dec-14,31-Dec-15,31-Dec-16,31-Dec-17, , , ,Profit Before Tax,2.63,1.91,1.64,2.86,4.89
https://www.londonstockexchange.com/exchange/prices-and-markets/stocks/summary/company-summary/GB0005581672GBGBXSSQ3.html,Income,31-Dec-13,31-Dec-14,31-Dec-15,31-Dec-16,31-Dec-17, , , ,Profit Before Tax,3.63,1.58,-3.30,n/a,n/a
https://www.londonstockexchange.com/exchange/prices-and-markets/stocks/summary/company-summary/GG00B6116N85GBGBXSSMM.html,Income,31-Mar-14,31-Mar-15,31-Mar-16,31-Mar-17,31-Mar-18, , , ,Profit Before Tax,14.39,38.20,-14.24,-3.28,2.16
https://www.londonstockexchange.com/exchange/prices-and-markets/stocks/summary/company-summary/GB00B06K1665GBGBXASX1.html,Income,31-Dec-13,31-Dec-14,31-Dec-15,31-Dec-16,31-Dec-17, , , ,Profit Before Tax,-1.36,-0.85,-0.85,-0.58,-0.43
https://www.londonstockexchange.com/exchange/prices-and-markets/stocks/summary/company-summary/GB00BDHXPG30GBGBXSSMM.html,Income,31-Dec-14,31-Dec-15,31-Dec-16,31-Dec-17, , , , ,Profit Before Tax,18.17,22.85,17.18,33.86
https://www.londonstockexchange.com/exchange/prices-and-markets/stocks/summary/company-summary/VGG017801082GBGBXASQ1.html,Income,31-Dec-13,31-Dec-14,31-Dec-15,31-Dec-16,31-Dec-17, , , ,Profit Before Tax,-0.62,-0.51,-0.30,-4.35,1.07
https://www.londonstockexchange.com/exchange/prices-and-markets/stocks/summary/company-summary/GB00B02LCQ05GBGBXASQ1.html,Income,30-Jun-13,30-Jun-14,30-Jun-15,30-Jun-16,30-Jun-17, , , ,Profit Before Tax,0.43,1.08,0.65,-12.06,-1.97
https://www.londonstockexchange.com/exchange/prices-and-markets/stocks/summary/company-summary/GB0031030819GBGBXAMSM.html,Income,31-Dec-13,31-Dec-14,31-Dec-15,31-Dec-16,31-Dec-17, , , ,Profit Before Tax,12.01,9.84,14.99,21.92,28.35
https://www.londonstockexchange.com/exchange/prices-and-markets/stocks/summary/company-summary/GB00B11V7W98GBGBXSTMM.html,Income,31-Dec-13,31-Dec-14,31-Dec-15,31-Dec-16,31-Dec-17, , , ,Profit Before Tax,n/a,n/a,n/a,n/a,n/a
https://www.londonstockexchange.com/exchange/prices-and-markets/stocks/summary/company-summary/GB0003390720GBGBXSSMM.html,Income,30-Nov-12,30-Nov-13,30-Nov-14,30-Nov-15,30-Nov-16, , , ,Profit Before Tax,2.15,42.24,23.87,16.53,41.83
https://www.londonstockexchange.com/exchange/prices-and-markets/stocks/summary/company-summary/GB00BLRLH124GBGBXSSMM.html,Income,31-Dec-13,31-Dec-14,31-Dec-15,31-Dec-16,31-Dec-17, , , ,Profit Before Tax,-42.71,-57.71,-97.99,-128.94,-111.01
https://www.londonstockexchange.com/exchange/prices-and-markets/stocks/summary/company-summary/GB00BF16C058GBGBXASQ1.html,Income,31-Mar-15,31-Mar-16,31-Mar-17,31-Mar-18, , , , ,Profit Before Tax,1.62,-0.77,-0.73,1.50
https://www.londonstockexchange.com/exchange/prices-and-markets/stocks/summary/company-summary/GB00BF1TM596GBGBXASQ1.html,Income,31-Dec-14,31-Dec-15,31-Dec-16,31-Dec-17, , , , ,Profit Before Tax,1.43,2.83,4.31,5.62
https://www.londonstockexchange.com/exchange/prices-and-markets/stocks/summary/company-summary/GB00BYWKBC49GBGBXSSQ3.html,Income,31-Aug-16, , , , , , , ,Profit Before Tax,-0.10
https://www.londonstockexchange.com/exchange/prices-and-markets/stocks/summary/company-summary/GB00B0LSFV82GBGBXASQ1.html,Income,31-Dec-13,31-Dec-14,31-Dec-15,31-Dec-16,31-Dec-17, , , ,Profit Before Tax,-1.94,-1.57,-1.25,0.07,0.12
https://www.londonstockexchange.com/exchange/prices-and-markets/stocks/summary/company-summary/GB00B06GJT32GBGBXASX1.html,Income,30-Jun-13,30-Jun-14,30-Jun-15,30-Jun-16,30-Jun-17, , , ,Profit Before Tax,-1.45,-2.36,-1.31,0.03,-0.34
https://www.londonstockexchange.com/exchange/prices-and-markets/stocks/summary/company-summary/GB00BYT26M80GBGBXASQ1.html,Income,31-Dec-15,31-Dec-16,31-Dec-17, , , , , ,Profit Before Tax,-0.43,-0.68,-1.86
https://www.londonstockexchange.com/exchange/prices-and-markets/stocks/summary/company-summary/GB00B015PT76GBGBXSET3.html,Income,31-Dec-13,31-Dec-14,31-Dec-15,31-Dec-16,31-Dec-17, , , ,Profit Before Tax,1.17,-0.98,-11.75,-6.08,-1.92
https://www.londonstockexchange.com/exchange/prices-and-markets/stocks/summary/company-summary/GB0000280353GBGBXSSQ3.html,Income,30-Jun-13,30-Jun-14,30-Jun-15,30-Jun-16,30-Jun-17, , , ,Profit Before Tax,3.40,5.09,7.00,6.76,8.12
https://www.londonstockexchange.com/exchange/prices-and-markets/stocks/summary/company-summary/GB00B641BB82GBGBXSSQ3.html,Income,31-Jan-14,31-Jan-15,31-Jan-16,31-Jan-17,31-Jan-18, , , ,Profit Before Tax,6.35,-2.98,1.90,7.26,18.72
https://www.londonstockexchange.com/exchange/prices-and-markets/stocks/summary/company-summary/GB00BZ0XVY42GBGBXASX1.html,Income,31-Jan-14,31-Dec-14,31-Dec-15,31-Dec-16,31-Dec-17, , , ,Profit Before Tax,-0.38,-0.49,-0.60,-1.01,-0.27
https://www.londonstockexchange.com/exchange/prices-and-markets/stocks/summary/company-summary/GB0032087826GBGBXAMSM.html,Income,31-Dec-12,31-Dec-13,31-Dec-14,31-Dec-15,31-Dec-16, , , ,Profit Before Tax,20.14,75.34,47.49,-25.14,-29.35
https://www.londonstockexchange.com/exchange/prices-and-markets/stocks/summary/company-summary/IL0010943905GBGBXASX1.html,Income,31-Dec-13,31-Dec-14,31-Dec-15,31-Dec-16,31-Dec-17, , , ,Profit Before Tax,5.34,-0.43,6.65,3.09,5.08
https://www.londonstockexchange.com/exchange/prices-and-markets/stocks/summary/company-summary/GB00BFFK8T45GBGBXSTMM.html
https://www.londonstockexchange.com/exchange/prices-and-markets/stocks/summary/company-summary/GB00B013SN63GBGBXASQ1.html,Income,30-Nov-13,30-Nov-14,30-Nov-15,30-Nov-16,30-Nov-17, , , ,Profit Before Tax,4.23,4.04,0.32,2.85,9.62
https://www.londonstockexchange.com/exchange/prices-and-markets/stocks/summary/company-summary/GB00B0DJNP99GBGBXASX1.html,Income,31-Dec-13,31-Dec-14,31-Dec-15,31-Dec-16,31-Dec-17, , , ,Profit Before Tax,-6.39,-12.59,5.94,-16.84,2.50
https://www.londonstockexchange.com/exchange/prices-and-markets/stocks/summary/company-summary/GB00BDD1LS57GBGBXASQ1.html,Income,31-Mar-14,31-Mar-15,31-Dec-15,31-Dec-16,31-Dec-17, , , ,Profit Before Tax,-2.56,-39.74,-1.31,-7.80,-26.14
https://www.londonstockexchange.com/exchange/prices-and-markets/stocks/summary/company-summary/VGG042401007GBGBXAMSM.html,Income,31-Dec-13,31-Dec-14,31-Dec-15,31-Dec-16,31-Dec-17, , , ,Profit Before Tax,-3.68,-2.52,-1.89,-5.77,-1.15
https://www.londonstockexchange.com/exchange/prices-and-markets/stocks/summary/company-summary/GB0002684552GBGBXASQ1.html,Income,31-Dec-13,31-Dec-14,31-Dec-15,31-Dec-16,31-Dec-17, , , ,Profit Before Tax,14.77,11.24,13.37,17.54,17.28
https://www.londonstockexchange.com/exchange/prices-and-markets/stocks/summary/company-summary/GB00BF2G3L29GBGBXASQ1.html
https://www.londonstockexchange.com/exchange/prices-and-markets/stocks/summary/company-summary/GB0034330679GBGBXASX1.html,Income,30-Apr-13,30-Apr-14,30-Apr-15,30-Apr-16,30-Apr-17, , , ,Profit Before Tax,-1.03,-1.24,-3.87,-5.43,-7.41
https://www.londonstockexchange.com/exchange/prices-and-markets/stocks/summary/company-summary/GB0000320472GBGBXSSQ3.html,Income,31-Mar-14,31-Mar-15,31-Mar-16,31-Mar-17,31-Mar-18, , , ,Profit Before Tax,-7.17,-1.74,-0.26,-0.31,-0.28
https://www.londonstockexchange.com/exchange/prices-and-markets/stocks/summary/company-summary/GB00BF1XGQ00GBGBXASQ1.html,Income,31-Jan-15,31-Jan-16,31-Jan-17, , , , , ,Profit Before Tax,0.53,0.43,0.66
https://www.londonstockexchange.com/exchange/prices-and-markets/stocks/summary/company-summary/GB00BD0Q3L08GBGBXASQ1.html,Income,28-Feb-14,28-Feb-15,28-Feb-16,31-Dec-16,31-Dec-17, , , ,Profit Before Tax,-0.53,-0.12,-0.35,-0.94,-3.14
https://www.londonstockexchange.com/exchange/prices-and-markets/stocks/summary/company-summary/GB00B7V2GY97GBGBXSSQ3.html,Income,31-Oct-15,31-Oct-16,31-Oct-17, , , , , ,Profit Before Tax,-0.39,-0.43,-0.55
https://www.londonstockexchange.com/exchange/prices-and-markets/stocks/summary/company-summary/GB00B1XZS820GBGBXSET1.html,Income,31-Dec-13,31-Dec-14,31-Dec-15,31-Dec-16,31-Dec-17, , , ,Profit Before Tax,1532.00,-467.00,-5233.00,2346.00,4938.00
https://www.londonstockexchange.com/exchange/prices-and-markets/stocks/summary/company-summary/GB00B0C18177GBGBXASQ1.html,Income,31-Dec-13,31-Dec-14,31-Dec-15,31-Dec-16,31-Dec-17, , , ,Profit Before Tax,1.39,-14.36,-8.91,6.78,5.68
https://www.londonstockexchange.com/exchange/prices-and-markets/stocks/summary/company-summary/GB0006449366GBGBXSSMU.html,Income,31-Dec-13,31-Dec-14,31-Dec-15,31-Dec-16,31-Dec-17, , , ,Profit Before Tax,-34.80,-42.40,-30.48,28.31,11.85
https://www.londonstockexchange.com/exchange/prices-and-markets/stocks/summary/company-summary/GB0000365774GBGBXSSMM.html,Income,31-Dec-13,31-Dec-14,31-Dec-15,31-Dec-16,31-Dec-17, , , ,Profit Before Tax,153.40,51.24,-19.07,60.85,69.69
https://www.londonstockexchange.com/exchange/prices-and-markets/stocks/summary/company-summary/GB00BYWKC989GBGBXASQ1.html,Income,30-Sep-15,30-Sep-16,30-Sep-17, , , , , ,Profit Before Tax,-2.05,0.11,-2.61
https://www.londonstockexchange.com/exchange/prices-and-markets/stocks/summary/company-summary/GB0032350695GBGBXASQ1.html,Income,30-Jun-13,30-Jun-14,30-Jun-15,30-Jun-16,31-Dec-17, , , ,Profit Before Tax,2.33,2.67,3.01,3.09,0.54
https://www.londonstockexchange.com/exchange/prices-and-markets/stocks/summary/company-summary/GB00B3NWT178GBGBXASX1.html,Income,31-Dec-13,31-Dec-14,31-Dec-15,31-Dec-16,31-Dec-17, , , ,Profit Before Tax,2.88,3.32,3.62,2.68,3.40
https://www.londonstockexchange.com/exchange/prices-and-markets/stocks/summary/company-summary/GB0000456144GBGBXSET1.html,Income,31-Dec-13,31-Dec-14,31-Dec-15,31-Dec-16,31-Dec-17, , , ,Profit Before Tax,2097.90,1577.60,265.20,395.90,1771.10
https://www.londonstockexchange.com/exchange/prices-and-markets/stocks/summary/company-summary/GB00BJTNFH41GBGBXSSMM.html,Income,31-Mar-14,31-Mar-15,31-Mar-16,31-Mar-17,31-Mar-18, , , ,Profit Before Tax,-7.55,-2.88,-6.70,-7.00,-13.50
https://www.londonstockexchange.com/exchange/prices-and-markets/stocks/summary/company-summary/GB0033360586GBGBXASX1.html,Income,31-Mar-14,31-Mar-15,31-Mar-16,31-Mar-17,31-Mar-18, , , ,Profit Before Tax,-0.82,-0.33,-0.60,-0.24,-0.04
https://www.londonstockexchange.com/exchange/prices-and-markets/stocks/summary/company-summary/GB0000373984GBGBXASX1.html,Income,31-Aug-13,31-Aug-14,31-Aug-15,31-Aug-16,31-Aug-17, , , ,Profit Before Tax,4.52,0.41,-4.81,-3.09,0.17
https://www.londonstockexchange.com/exchange/prices-and-markets/stocks/summary/company-summary/GB00BFSSB742GBGBXASQ1.html,Income,31-Jul-15,31-Jul-16,31-Jul-17, , , , , ,Profit Before Tax,-4.00,-4.52,-4.28
https://www.londonstockexchange.com/exchange/prices-and-markets/stocks/summary/company-summary/GB00BF54H884GBGBXASQ1.html,Income,31-Dec-14,31-Dec-15,31-Dec-16,31-Dec-17, , , , ,Profit Before Tax,-0.43,-2.11,-8.79,-6.34
https://www.londonstockexchange.com/exchange/prices-and-markets/stocks/summary/company-summary/GB00BPYP3Q26GBGBXSSQ3.html,Income,31-Mar-15,31-Mar-16,31-Mar-17,31-Mar-18, , , , ,Profit Before Tax,0.60,-2.81,0.52,0.53
https://www.londonstockexchange.com/exchange/prices-and-markets/stocks/summary/company-summary/GB00BD5JNK30GBGBXASQ1.html
https://www.londonstockexchange.com/exchange/prices-and-markets/stocks/summary/company-summary/GB0007922338GBGBXAMSM.html,Income,31-Dec-12,31-Dec-13,31-Dec-14,31-Dec-15,31-Dec-16, , , ,Profit Before Tax,12.59,15.71,22.52,22.57,-1.97
https://www.londonstockexchange.com/exchange/prices-and-markets/stocks/summary/company-summary/VGG045791016GBGBXASX1.html,Income,31-Mar-14,31-Mar-15,31-Mar-16,31-Mar-17,31-Mar-18, , , ,Profit Before Tax,-1.77,-1.33,-0.82,-0.80,2.14
https://www.londonstockexchange.com/exchange/prices-and-markets/stocks/summary/company-summary/GB00BDBBJZ03GBGBXASX1.html,Income,30-Jun-14,30-Jun-15,30-Jun-16,30-Jun-17,30-Jun-18, , , ,Profit Before Tax,-0.04,0.24,0.30,0.37,0.58
https://www.londonstockexchange.com/exchange/prices-and-markets/stocks/summary/company-summary/GB00B15CTY44GBGBXASX1.html,Income,31-Oct-13,31-Oct-14,31-Oct-15,31-Oct-16,31-Oct-17, , , ,Profit Before Tax,1.34,0.08,-2.10,-0.43,0.75
https://www.londonstockexchange.com/exchange/prices-and-markets/stocks/summary/company-summary/GB00BF0HYJ24GBGBXASQ1.html,Income,31-Dec-14,31-Dec-15,31-Dec-16,31-Dec-17, , , , ,Profit Before Tax,-1.84,-2.84,-3.81,-2.90
https://www.londonstockexchange.com/exchange/prices-and-markets/stocks/summary/company-summary/GB00BZ15CS02GBGBXSSQ3.html
https://www.londonstockexchange.com/exchange/prices-and-markets/stocks/summary/company-summary/FK0114538241GBGBXASQ1.html,Income,31-Dec-12,31-Dec-13,31-Dec-14,31-Dec-15,31-Dec-16, , , ,Profit Before Tax,-1.58,-1.84,-1.30,-1.15,-0.02
https://www.londonstockexchange.com/exchange/prices-and-markets/stocks/summary/company-summary/VGG0472G1147GBGBXASX1.html,Income,31-Dec-13,31-Dec-14,31-Dec-15,31-Dec-16,31-Dec-17, , , ,Profit Before Tax,-1.61,-5.91,-2.87,-1.55,-1.55
https://www.londonstockexchange.com/exchange/prices-and-markets/stocks/summary/company-summary/GB00B085SD50GBGBXASQ1.html,Income,31-Dec-13,31-Dec-14,31-Dec-15,31-Dec-16,31-Dec-17, , , ,Profit Before Tax,-1.17,-0.99,-1.40,13.52,-1.41
https://www.londonstockexchange.com/exchange/prices-and-markets/stocks/summary/company-summary/GB00BD045071GBGBXSSQ3.html,Income,31-Dec-16,31-Dec-17, , , , , , ,Profit Before Tax,-9.53,-7.69
https://www.londonstockexchange.com/exchange/prices-and-markets/stocks/summary/company-summary/GB00BYMSY631GBGBXASX1.html,Income,31-Dec-13,31-Dec-14,31-Dec-15,31-Dec-16,31-Dec-17, , , ,Profit Before Tax,-1.62,-1.08,-0.99,-0.92,-0.44
https://www.londonstockexchange.com/exchange/prices-and-markets/stocks/summary/company-summary/CY0102941610GBUSDASQ1.html,Income,31-Dec-13,31-Dec-14,31-Dec-15,31-Dec-16,31-Dec-17, , , ,Profit Before Tax,4.10,-69.58,-16.27,29.23,33.58
https://www.londonstockexchange.com/exchange/prices-and-markets/stocks/summary/company-summary/GB00BDGTXM47GBGBXSSMM.html,Income,31-Dec-13,31-Dec-14,31-Dec-15,31-Dec-16,31-Dec-17, , , ,Profit Before Tax,44.21,46.38,74.64,95.03,n/a
https://www.londonstockexchange.com/exchange/prices-and-markets/stocks/summary/company-summary/GB0004355946GBGBXSSMM.html,Income,30-Apr-14,30-Apr-15,30-Apr-16,30-Apr-17,30-Apr-18, , , ,Profit Before Tax,n/a,n/a,n/a,n/a,n/a
https://www.londonstockexchange.com/exchange/prices-and-markets/stocks/summary/company-summary/GB00B02WQ947GBGBXSSQ3.html,Income,30-Sep-13,30-Sep-14,30-Sep-15,30-Sep-16,30-Sep-17, , , ,Profit Before Tax,7.60,8.06,4.60,9.43,12.59
https://www.londonstockexchange.com/exchange/prices-and-markets/stocks/summary/company-summary/GB00BDFXHW57GBGBXSSMM.html
https://www.londonstockexchange.com/exchange/prices-and-markets/stocks/summary/company-summary/GB00BZ16J374GBGBXASQ1.html,Income,31-Dec-13,31-Dec-14,31-Dec-15,31-Dec-16,31-Dec-17, , , ,Profit Before Tax,-1.77,-5.62,-3.64,-2.68,-1.97
https://www.londonstockexchange.com/exchange/prices-and-markets/stocks/summary/company-summary/GB00BYM8GJ06GBGBXSTMM.html,Income,31-Dec-14,31-Dec-15,31-Dec-16,31-Dec-17, , , , ,Profit Before Tax,-5.40,8.40,-1.70,32.80
https://www.londonstockexchange.com/exchange/prices-and-markets/stocks/summary/company-summary/GB00B1KKCZ55GBGBXASX1.html,Income,30-Apr-14,30-Apr-15,30-Apr-16,30-Apr-17,30-Apr-18, , , ,Profit Before Tax,-4.71,-11.89,0.14,-0.12,1.26
https://www.londonstockexchange.com/exchange/prices-and-markets/stocks/summary/company-summary/GB0000533728GBGBXSET3.html,Income,25-Jan-14,31-Jan-15,30-Jun-16,30-Jun-17,30-Jun-18, , , ,Profit Before Tax,20.00,24.00,25.80,7.70,0.10
https://www.londonstockexchange.com/exchange/prices-and-markets/stocks/summary/company-summary/GB00B132NW22GBGBXSTMM.html,Income,30-Jun-14,30-Jun-15,30-Jun-16,30-Jun-17,30-Jun-18, , , ,Profit Before Tax,170.30,181.30,167.50,206.20,191.30
https://www.londonstockexchange.com/exchange/prices-and-markets/stocks/summary/company-summary/GB00BF50VS41GBGBXSSQ3.html
https://www.londonstockexchange.com/exchange/prices-and-markets/stocks/summary/company-summary/GB0000536739GBGBXSET1.html,Income,30-Apr-14,30-Apr-15,30-Apr-16,30-Apr-17,30-Apr-18, , , ,Profit Before Tax,356.50,473.80,616.70,765.10,862.10
https://www.londonstockexchange.com/exchange/prices-and-markets/stocks/summary/company-summary/BM04521V1038GBGBXASQ1.html,Income,31-Dec-13,31-Dec-14,31-Dec-15,31-Dec-16,31-Dec-17, , , ,Profit Before Tax,-0.33,-0.88,-7.42,-3.79,-7.50
https://www.londonstockexchange.com/exchange/prices-and-markets/stocks/summary/company-summary/GB0030927254GBGBXAMSM.html,Income,31-Aug-13,31-Aug-14,31-Aug-15,31-Aug-16,31-Aug-17, , , ,Profit Before Tax,54.67,46.90,47.53,42.80,80.00
https://www.londonstockexchange.com/exchange/prices-and-markets/stocks/summary/company-summary/GB00B42VYZ16GBGBXASQ1.html,Income,30-Sep-13,30-Sep-14,30-Sep-15,30-Sep-16,30-Sep-17, , , ,Profit Before Tax,1.26,2.25,4.01,4.60,2.17
https://www.londonstockexchange.com/exchange/prices-and-markets/stocks/summary/company-summary/GB00BVGBWW93GBGBXSTMM.html,Income,31-Mar-14,31-Mar-15,31-Mar-16,31-Mar-17,31-Mar-18, , , ,Profit Before Tax,24.20,36.60,28.80,95.20,71.80
https://www.londonstockexchange.com/exchange/prices-and-markets/stocks/summary/company-summary/GB00BFXZC448GBGBXSET3.html
https://www.londonstockexchange.com/exchange/prices-and-markets/stocks/summary/company-summary/GB0009895292GBGBXSET1.html,Income,31-Dec-13,31-Dec-14,31-Dec-15,31-Dec-16,31-Dec-17, , , ,Profit Before Tax,3267.00,1252.00,3085.00,3585.00,2282.00
https://www.londonstockexchange.com/exchange/prices-and-markets/stocks/summary/company-summary/CY0106002112GBGBXASQ1.html,Income,31-Dec-13,31-Dec-14,31-Dec-15,31-Dec-16,31-Dec-17, , , ,Profit Before Tax,-12.45,-11.23,-14.98,-0.14,21.91
https://www.londonstockexchange.com/exchange/prices-and-markets/stocks/summary/company-summary/GB0000609296GBGBXSSQ3.html,Income,31-Dec-13,31-Dec-14,31-Dec-15,31-Dec-16,31-Dec-17, , , ,Profit Before Tax,1.49,n/a,n/a,n/a,n/a
https://www.londonstockexchange.com/exchange/prices-and-markets/stocks/summary/company-summary/GG00B61ND550GBGBXSSQ3.html,Income,30-Apr-14,30-Apr-15,30-Apr-16,30-Apr-17,30-Apr-18, , , ,Profit Before Tax,n/a,n/a,n/a,n/a,n/a
https://www.londonstockexchange.com/exchange/prices-and-markets/stocks/summary/company-summary/VGG0697K1066GBUSDSSMU.html,Income,31-Dec-14,31-Dec-15,31-Dec-16,31-Dec-17, , , , ,Profit Before Tax,-58.04,19.18,9.37,53.05
https://www.londonstockexchange.com/exchange/prices-and-markets/stocks/summary/company-summary/GB00BMJJFZ18GBGBXASQ1.html,Income,31-Dec-15,31-Dec-16,31-Dec-17, , , , , ,Profit Before Tax,-0.73,-1.94,-4.05
https://www.londonstockexchange.com/exchange/prices-and-markets/stocks/summary/company-summary/GB00BNGMVP25GBGBXSSX3.html,Income,31-Dec-14,31-Dec-15,31-Dec-16,31-Dec-17, , , , ,Profit Before Tax,-0.04,-0.19,-0.04,-0.04
https://www.londonstockexchange.com/exchange/prices-and-markets/stocks/summary/company-summary/GB00B02H2F76GBGBXASQ1.html,Income,31-Dec-13,31-Dec-14,31-Dec-15,31-Dec-16,31-Dec-17, , , ,Profit Before Tax,4.22,5.93,2.52,1.27,-3.09
https://www.londonstockexchange.com/exchange/prices-and-markets/stocks/summary/company-summary/GB00BG12XV81GBGBXSSQ3.html
https://www.londonstockexchange.com/exchange/prices-and-markets/stocks/summary/company-summary/GB0000617950GBGBXASX1.html,Income,30-Sep-13,30-Sep-14,30-Sep-15,30-Sep-16,30-Sep-17, , , ,Profit Before Tax,0.29,1.05,1.59,0.66,-0.58
https://www.londonstockexchange.com/exchange/prices-and-markets/stocks/summary/company-summary/AU000000AEE7GBGBXASQ1.html,Income,30-Jun-13,30-Jun-14,30-Jun-15,30-Jun-16,30-Jun-17, , , ,Profit Before Tax,-3.83,-4.26,-2.49,-1.77,-3.69
https://www.londonstockexchange.com/exchange/prices-and-markets/stocks/summary/company-summary/GB0000633262GBGBXSSQ3.html,Income,28-Feb-14,28-Feb-15,29-Feb-16,31-Dec-16,31-Dec-17, , , ,Profit Before Tax,n/a,n/a,n/a,n/a,n/a
https://www.londonstockexchange.com/exchange/prices-and-markets/stocks/summary/company-summary/GB00BD37ZH08GBGBXASQ1.html,Income,30-Sep-15,30-Sep-16,30-Sep-17, , , , , ,Profit Before Tax,0.81,0.07,0.02
https://www.londonstockexchange.com/exchange/prices-and-markets/stocks/summary/company-summary/GB00BVYVFW23GBGBXSTMM.html,Income,30-Mar-14,29-Mar-15,27-Mar-16,31-Mar-17,31-Mar-18, , , ,Profit Before Tax,3.70,10.90,155.00,193.40,210.80
https://www.londonstockexchange.com/exchange/prices-and-markets/stocks/summary/company-summary/GB00BYYW9G87GBGBXASX1.html,Income,31-Jul-13,31-Jul-14,31-Jul-15,31-Jul-16,31-Jul-17, , , ,Profit Before Tax,-1.85,-2.04,-5.54,-5.56,-7.89
https://www.londonstockexchange.com/exchange/prices-and-markets/stocks/summary/company-summary/GB00B1VCNQ84GBGBXAMSM.html,Income,30-Jun-13,30-Jun-14,30-Jun-15,30-Jun-16,30-Jun-17, , , ,Profit Before Tax,-37.63,-87.69,-73.30,-67.00,-77.70
https://www.londonstockexchange.com/exchange/prices-and-markets/stocks/summary/company-summary/GB00BDD85M81GBGBXSTMM.html,Income,31-Dec-15,31-Dec-16,31-Dec-17, , , , , ,Profit Before Tax,71.70,19.50,-28.90
https://www.londonstockexchange.com/exchange/prices-and-markets/stocks/summary/company-summary/GB00B196F554GBGBXSSQ3.html,Income,30-Jun-14,30-Jun-15,30-Jun-16,30-Jun-17,30-Jun-18, , , ,Profit Before Tax,16.56,15.52,18.07,21.36,18.92
https://www.londonstockexchange.com/exchange/prices-and-markets/stocks/summary/company-summary/CA05366A3029GBGBXASX1.html,Income,31-Dec-13,31-Dec-14,31-Dec-15,31-Dec-16,31-Dec-17, , , ,Profit Before Tax,-7.42,-3.44,-61.34,-112.99,-27.26
https://www.londonstockexchange.com/exchange/prices-and-markets/stocks/summary/company-summary/GB00BBG9VN75GBGBXSTMM.html,Income,31-Mar-14,31-Mar-15,31-Mar-16,31-Mar-17,31-Mar-18, , , ,Profit Before Tax,68.99,54.86,29.43,46.90,46.88
https://www.londonstockexchange.com/exchange/prices-and-markets/stocks/summary/company-summary/GB0009188797GBGBXASQ1.html,Income,31-May-13,31-May-14,31-May-15,31-May-16,31-May-17, , , ,Profit Before Tax,1.34,2.53,1.87,0.24,-0.28
https://www.londonstockexchange.com/exchange/prices-and-markets/stocks/summary/company-summary/GB0002162385GBGBXSET1.html,Income,31-Dec-13,31-Dec-14,31-Dec-15,31-Dec-16,31-Dec-17, , , ,Profit Before Tax,1472.00,2663.00,1172.00,1833.00,2374.00
https://www.londonstockexchange.com/exchange/prices-and-markets/stocks/summary/company-summary/GB00BZBVR613GBGBXSSMU.html,Income,31-Dec-13,31-Dec-14,31-Dec-15,31-Dec-16,31-Dec-17, , , ,Profit Before Tax,-149.38,-140.14,-55.70,5.28,-18.51
https://www.londonstockexchange.com/exchange/prices-and-markets/stocks/summary/company-summary/GB0000667013GBGBXSSMM.html,Income,30-Sep-13,30-Sep-14,30-Sep-15,30-Sep-16,30-Sep-17, , , ,Profit Before Tax,13.66,16.55,19.82,21.58,18.60
https://www.londonstockexchange.com/exchange/prices-and-markets/stocks/summary/company-summary/GG00BYW5PW74GBGBXSET3.html,Income,30-Jun-13,30-Jun-14,30-Jun-15,30-Jun-16,30-Jun-17, , , ,Profit Before Tax,-3.26,-2.38,7.33,1.89,-0.82
https://www.londonstockexchange.com/exchange/prices-and-markets/stocks/summary/company-summary/LU1072616219GBGBXSTMM.html,Income,29-Mar-14,28-Mar-15,26-Mar-16,25-Mar-17,31-Mar-18, , , ,Profit Before Tax,-14.59,60.08,153.38,181.91,227.60
https://www.londonstockexchange.com/exchange/prices-and-markets/stocks/summary/company-summary/GB00B0XLRJ79GBGBXASX1.html,Income,31-Jan-14,31-Jan-15,31-Jan-16,31-Jan-17,31-Jan-18, , , ,Profit Before Tax,4.07,5.90,10.69,12.19,16.52
https://www.londonstockexchange.com/exchange/prices-and-markets/stocks/summary/company-summary/IL0010830219GBGBXSSMU.html,Income,31-Dec-13,31-Dec-14,31-Dec-15,31-Dec-16,31-Dec-17, , , ,Profit Before Tax,-3.00,-4.63,-18.61,-7.00,10.72
https://www.londonstockexchange.com/exchange/prices-and-markets/stocks/summary/company-summary/GB0009697037GBGBXSTMM.html,Income,31-Mar-14,31-Mar-15,31-Mar-16,31-Mar-17,31-Mar-18, , , ,Profit Before Tax,197.90,283.70,295.50,305.40,322.60
https://www.londonstockexchange.com/exchange/prices-and-markets/stocks/summary/company-summary/GB00BD20C246GBGBXASQ1.html,Income,30-Jun-13,30-Jun-14,30-Jun-15,30-Jun-16,30-Jun-17, , , ,Profit Before Tax,-0.75,-2.65,-2.74,-10.42,-18.85
https://www.londonstockexchange.com/exchange/prices-and-markets/stocks/summary/company-summary/GB0002634946GBGBXSET1.html,Income,31-Dec-13,31-Dec-14,31-Dec-15,31-Dec-16,31-Dec-17, , , ,Profit Before Tax,311.00,799.00,980.00,1061.00,1018.00
https://www.londonstockexchange.com/exchange/prices-and-markets/stocks/summary/company-summary/IL0011317216GBGBXASQ1.html,Income,31-Dec-13,31-Dec-14,31-Dec-15,31-Dec-16, , , , ,Profit Before Tax,-1.18,-3.22,-11.70,9.87
https://www.londonstockexchange.com/exchange/prices-and-markets/stocks/summary/company-summary/IM00B3NTV894GBGBXASQ1.html,Income,31-Dec-13,31-Dec-14,31-Dec-15,31-Dec-16,31-Dec-17, , , ,Profit Before Tax,-5.19,-4.67,-4.77,-3.83,-3.21
https://www.londonstockexchange.com/exchange/prices-and-markets/stocks/summary/company-summary/GB00B6SCF932GBGBXASQ1.html,Income,31-Mar-14,31-Mar-15,31-Mar-16,31-Mar-17,31-Mar-18, , , ,Profit Before Tax,-1.41,6.81,-0.40,0.41,1.83
https://www.londonstockexchange.com/exchange/prices-and-markets/stocks/summary/company-summary/GB00BFXYH242GBGBXSSMM.html,Income,31-Jan-14,31-Jan-15,31-Jan-16,31-Jan-17,31-Jan-18, , , ,Profit Before Tax,33.54,13.24,n/a,n/a,n/a
https://www.londonstockexchange.com/exchange/prices-and-markets/stocks/summary/company-summary/GB0000485838GBGBXSTMM.html,Income,31-Aug-13,31-Aug-14,31-Aug-15,31-Aug-16,31-Aug-17, , , ,Profit Before Tax,65.95,23.39,n/a,n/a,n/a
https://www.londonstockexchange.com/exchange/prices-and-markets/stocks/summary/company-summary/GB0007913485GBGBXSSMM.html,Income,30-Apr-14,30-Apr-15,30-Apr-16,30-Apr-17,30-Apr-18, , , ,Profit Before Tax,34.08,5.19,-13.28,45.88,25.47
https://www.londonstockexchange.com/exchange/prices-and-markets/stocks/summary/company-summary/GB00BDFGHW41GBGBXSET3.html
https://www.londonstockexchange.com/exchange/prices-and-markets/stocks/summary/company-summary/GB00BF8J3Z99GBGBXSTMM.html,Income,27-Dec-14,26-Dec-15,31-Dec-16,30-Dec-17, , , , ,Profit Before Tax,11.50,46.40,62.40,38.40
https://www.londonstockexchange.com/exchange/prices-and-markets/stocks/summary/company-summary/GB0000961622GBGBXSTMM.html,Income,31-Dec-13,31-Dec-14,31-Dec-15,31-Dec-16,31-Dec-17, , , ,Profit Before Tax,-39.00,-357.00,-243.00,-48.00,58.00
https://www.londonstockexchange.com/exchange/prices-and-markets/stocks/summary/company-summary/GB00B0BRN552GBGBXASQ1.html,Income,31-Dec-13,31-Dec-14,31-Dec-15,31-Dec-16,31-Dec-17, , , ,Profit Before Tax,-4.93,-5.42,-5.03,-4.65,-3.92
https://www.londonstockexchange.com/exchange/prices-and-markets/stocks/summary/company-summary/GB00BF4HYT85GBGBXSTMM.html,Income,31-Dec-13,31-Dec-14,31-Dec-15,31-Dec-16,31-Dec-17, , , ,Profit Before Tax,327.20,407.30,451.67,572.28,336.38
https://www.londonstockexchange.com/exchange/prices-and-markets/stocks/summary/company-summary/GB0000767003GBGBXSTMM.html,Income,31-Oct-13,31-Oct-14,31-Oct-15,31-Oct-16,31-Oct-17, , , ,Profit Before Tax,n/a,n/a,n/a,n/a,n/a
https://www.londonstockexchange.com/exchange/prices-and-markets/stocks/summary/company-summary/GB0031348658GBGBXSET1.html,Income,31-Dec-13,31-Dec-14,31-Dec-15,31-Dec-16,31-Dec-17, , , ,Profit Before Tax,2924.00,2220.00,2026.00,3160.00,3471.00
https://www.londonstockexchange.com/exchange/prices-and-markets/stocks/summary/company-summary/GB0032273343GBGBXSET3.html,Income,30-Sep-13,30-Sep-14,30-Sep-15,30-Sep-16,30-Sep-17, , , ,Profit Before Tax,17.00,-25.63,-26.79,35.42,28.67
https://www.londonstockexchange.com/exchange/prices-and-markets/stocks/summary/company-summary/ZAE000026639GBGBXSSX4.html,Income,30-Sep-13,30-Sep-14,30-Sep-15,30-Sep-16,30-Sep-17, , , ,Profit Before Tax,508.00,2748.00,2642.00,62661.00,57856.00
https://www.londonstockexchange.com/exchange/prices-and-markets/stocks/summary/company-summary/GB00B01QGH57GBGBXASQ1.html,Income,31-Dec-13,31-Dec-14,31-Dec-15,31-Dec-16,31-Dec-17, , , ,Profit Before Tax,-3.00,-3.35,-1.78,-0.18,-2.06
https://www.londonstockexchange.com/exchange/prices-and-markets/stocks/summary/company-summary/GB0030028103GBGBXSSQ3.html,Income,31-Dec-13,31-Dec-14,31-Dec-15,30-Sep-16,30-Sep-17, , , ,Profit Before Tax,9.11,3.69,n/a,n/a,n/a
https://www.londonstockexchange.com/exchange/prices-and-markets/stocks/summary/company-summary/GB0002631934GBGBXSSQ3.html,Income,30-Sep-13,30-Sep-14,30-Sep-15,30-Sep-16,30-Sep-17, , , ,Profit Before Tax,10.32,8.09,8.59,4.65,13.60
https://www.londonstockexchange.com/exchange/prices-and-markets/stocks/summary/company-summary/GB00B6XZKY75GBGBXSTMM.html,Income,26-Jan-14,25-Jan-15,30-Jan-16,28-Jan-17,27-Jan-18, , , ,Profit Before Tax,34.29,38.63,41.30,43.10,44.90
https://www.londonstockexchange.com/exchange/prices-and-markets/stocks/summary/company-summary/GB0000811801GBGBXSET1.html,Income,30-Jun-14,30-Jun-15,30-Jun-16,30-Jun-17,30-Jun-18, , , ,Profit Before Tax,350.10,519.80,610.20,739.50,817.50
https://www.londonstockexchange.com/exchange/prices-and-markets/stocks/summary/company-summary/AU000000BSE5GBGBXASQ1.html,Income,30-Jun-13,30-Jun-14,30-Jun-15,30-Jun-16,30-Jun-17, , , ,Profit Before Tax,-6.66,-13.98,-15.96,-20.88,28.84
https://www.londonstockexchange.com/exchange/prices-and-markets/stocks/summary/company-summary/GB00BDZRYX75GBGBXSSQ3.html,Income,30-Apr-17, , , , , , , ,Profit Before Tax,n/a
https://www.londonstockexchange.com/exchange/prices-and-markets/stocks/summary/company-summary/IL0010849045GBGBXSET3.html,Income,31-Dec-13,31-Dec-14,31-Dec-15,31-Dec-16,31-Dec-17, , , ,Profit Before Tax,-6.05,-3.67,-11.35,-0.66,3.81
https://www.londonstockexchange.com/exchange/prices-and-markets/stocks/summary/company-summary/GB00BZCNLL95GBGBXSSMM.html
https://www.londonstockexchange.com/exchange/prices-and-markets/stocks/summary/company-summary/GB00B1FP8915GBGBXSTMM.html,Income,31-Dec-13,31-Dec-14,31-Dec-15,31-Dec-16,31-Dec-17, , , ,Profit Before Tax,143.80,150.00,85.70,-95.60,172.10
https://www.londonstockexchange.com/exchange/prices-and-markets/stocks/summary/company-summary/LU0686550053GBGBXSSMM.html,Income,31-Dec-13,31-Dec-14,31-Dec-15,31-Dec-16,31-Dec-17, , , ,Profit Before Tax,19.13,39.82,36.19,82.46,50.87
https://www.londonstockexchange.com/exchange/prices-and-markets/stocks/summary/company-summary/GB00BP0S1D85GBGBXSTMM.html,Income,31-Dec-14,03-Apr-16,02-Apr-17,01-Apr-18, , , , ,Profit Before Tax,-0.30,3.90,56.40,75.90
https://www.londonstockexchange.com/exchange/prices-and-markets/stocks/summary/company-summary/NL0010763611GBEURSSQ3.html,Income,31-Dec-15,31-Dec-16,31-Dec-17, , , , , ,Profit Before Tax,26.83,-61.03,-48.08
https://www.londonstockexchange.com/exchange/prices-and-markets/stocks/summary/company-summary/GB00BT6SJV45GBGBXASQ1.html,Income,31-Dec-15,31-Dec-16,31-Dec-17, , , , , ,Profit Before Tax,-1.14,-3.66,-3.95
https://www.londonstockexchange.com/exchange/prices-and-markets/stocks/summary/company-summary/GB00BYQ0JC66GBGBXSTMM.html,Income,31-Dec-13,31-Dec-14,31-Dec-15,31-Dec-16,31-Dec-17, , , ,Profit Before Tax,313.60,263.00,284.50,293.40,167.90
https://www.londonstockexchange.com/exchange/prices-and-markets/stocks/summary/company-summary/GB00BZ0X8W18GBGBXASQ1.html,Income,30-Jun-14,30-Jun-15,30-Jun-16,30-Jun-17,30-Jun-18, , , ,Profit Before Tax,n/a,0.42,0.15,-0.76,0.75
https://www.londonstockexchange.com/exchange/prices-and-markets/stocks/summary/company-summary/GB00B0305S97GBGBXAMSM.html,Income,30-Apr-14,30-Apr-15,30-Apr-16,30-Apr-17,30-Apr-18, , , ,Profit Before Tax,3.80,-0.72,0.56,0.64,2.30
https://www.londonstockexchange.com/exchange/prices-and-markets/stocks/summary/company-summary/GB0000904986GBGBXSTMM.html,Income,31-Jul-13,31-Jul-14,31-Jul-15,31-Jul-16,31-Jul-17, , , ,Profit Before Tax,140.93,245.94,354.24,498.17,560.31
https://www.londonstockexchange.com/exchange/prices-and-markets/stocks/summary/company-summary/GB00B4QY1P51GBGBXASQ1.html,Income,31-Dec-13,31-Dec-14,31-Dec-15,31-Dec-16,31-Dec-17, , , ,Profit Before Tax,1.62,1.78,2.22,2.41,3.91
https://www.londonstockexchange.com/exchange/prices-and-markets/stocks/summary/company-summary/GB00BGHPT808GBGBXASQ1.html,Income,30-Sep-13,30-Sep-14,30-Sep-15,30-Sep-16,30-Sep-17, , , ,Profit Before Tax,4.85,-1.38,-11.36,-22.66,-8.13
https://www.londonstockexchange.com/exchange/prices-and-markets/stocks/summary/company-summary/GB0033163287GBGBXASQ1.html,Income,31-Dec-13,31-Dec-14,31-Dec-15,31-Dec-16,31-Dec-17, , , ,Profit Before Tax,-2.19,-3.06,-1.77,-0.63,-1.04
https://www.londonstockexchange.com/exchange/prices-and-markets/stocks/summary/company-summary/AU000000BKY0GBGBXSSQ3.html,Income,30-Jun-13,30-Jun-14,30-Jun-15,30-Jun-16,30-Jun-17, , , ,Profit Before Tax,-11.15,-7.58,-7.87,-13.64,-16.05
https://www.londonstockexchange.com/exchange/prices-and-markets/stocks/summary/company-summary/GB00B02L3W35GBGBXSET1.html,Income,30-Apr-14,30-Apr-15,30-Apr-16,30-Apr-17,30-Apr-18, , , ,Profit Before Tax,367.90,511.40,494.40,748.60,776.90
https://www.londonstockexchange.com/exchange/prices-and-markets/stocks/summary/company-summary/GB00B16S3505GBGBXASQ1.html,Income,30-Apr-14,30-Apr-15,30-Apr-16,30-Apr-17,30-Apr-18, , , ,Profit Before Tax,0.45,0.81,1.06,1.51,1.60
https://www.londonstockexchange.com/exchange/prices-and-markets/stocks/summary/company-summary/GB00B1CKQD97GBGBXASQ1.html,Income,30-Jun-14,30-Jun-15,30-Jun-16,31-Dec-16,31-Dec-17, , , ,Profit Before Tax,3.98,-0.56,-8.99,-1.18,-1.04
https://www.londonstockexchange.com/exchange/prices-and-markets/stocks/summary/company-summary/GB0000566504GBGBXSET1.html,Income,30-Jun-14,30-Jun-15,30-Jun-16,30-Jun-17,30-Jun-18, , , ,Profit Before Tax,21041.00,7508.00,-5155.00,10050.00,14604.00
https://www.londonstockexchange.com/exchange/prices-and-markets/stocks/summary/company-summary/GB00BZ7M6059GBGBXASQ1.html,Income,31-Dec-13,31-Dec-14,31-Dec-15,31-Dec-16,31-Dec-17, , , ,Profit Before Tax,-2.69,-3.79,-6.53,-3.71,-0.38
https://www.londonstockexchange.com/exchange/prices-and-markets/stocks/summary/company-summary/GB00BD8DR117GBGBXSSMM.html,Income,25-Mar-16,24-Mar-17,30-Mar-18, , , , , ,Profit Before Tax,2.90,-18.70,38.30
https://www.londonstockexchange.com/exchange/prices-and-markets/stocks/summary/company-summary/GB00BZ1B7619GBGBXASQ1.html,Income,30-Apr-14,31-Jan-15,30-Apr-16,31-Dec-16,31-Dec-17, , , ,Profit Before Tax,-0.47,-0.38,-0.96,-4.42,-4.13
https://www.londonstockexchange.com/exchange/prices-and-markets/stocks/summary/company-summary/GB0002869419GBGBXSTMM.html,Income,31-Mar-14,31-Mar-15,31-Mar-16,31-Mar-17,31-Mar-18, , , ,Profit Before Tax,59.67,101.72,111.14,98.34,132.77
https://www.londonstockexchange.com/exchange/prices-and-markets/stocks/summary/company-summary/GB00BD5JMP10GBGBXASQ1.html,Income,30-Nov-15,30-Nov-16,30-Nov-17, , , , , ,Profit Before Tax,-6.01,-6.20,-10.08
https://www.londonstockexchange.com/exchange/prices-and-markets/stocks/summary/company-summary/GB00BV9GHQ09GBGBXASQ1.html,Income,31-Mar-15,31-Mar-16,31-Mar-17,31-Mar-18, , , , ,Profit Before Tax,1.82,1.37,0.06,4.29
https://www.londonstockexchange.com/exchange/prices-and-markets/stocks/summary/company-summary/BMG110261044GBGBXASX1.html,Income,31-Dec-13,31-Dec-14,31-Dec-15,31-Dec-16,31-Dec-17, , , ,Profit Before Tax,-9.55,2.86,9.00,13.31,-9.06
https://www.londonstockexchange.com/exchange/prices-and-markets/stocks/summary/company-summary/GB0000332667GBGBXASX1.html,Income,31-Dec-13,31-Dec-14,31-Dec-15,31-Dec-16,31-Dec-17, , , ,Profit Before Tax,0.72,1.92,3.11,3.80,4.41
https://www.londonstockexchange.com/exchange/prices-and-markets/stocks/summary/company-summary/GB00B9Z1M820GBGBXASQ1.html,Income,31-Dec-13,31-Dec-14,31-Dec-15,31-Dec-16,31-Dec-17, , , ,Profit Before Tax,-2.59,-1.30,-0.79,-0.58,-0.44
https://www.londonstockexchange.com/exchange/prices-and-markets/stocks/summary/company-summary/GB00BDRNW621GBUSDSFM2.html,Income,31-Dec-17, , , , , , , ,Profit Before Tax,31.69
https://www.londonstockexchange.com/exchange/prices-and-markets/stocks/summary/company-summary/GB00BDGKMY29GBUSDSFM1.html,Income,31-Dec-17, , , , , , , ,Profit Before Tax,31.69
https://www.londonstockexchange.com/exchange/prices-and-markets/stocks/summary/company-summary/GB0004992003GBGBXSSQ3.html,Income,31-Dec-13,31-Dec-14,31-Dec-15,31-Dec-16,31-Dec-17, , , ,Profit Before Tax,3.08,-1.36,0.63,0.08,3.28
https://www.londonstockexchange.com/exchange/prices-and-markets/stocks/summary/company-summary/GB0000385517GBGBXSSMM.html,Income,31-Mar-14,31-Mar-15,31-Mar-16,31-Mar-17,31-Mar-18, , , ,Profit Before Tax,86.43,214.39,-128.70,98.58,-29.54
https://www.londonstockexchange.com/exchange/prices-and-markets/stocks/summary/company-summary/GB00B4QVDF07GBGBXASQ1.html,Income,30-Jun-13,30-Jun-14,30-Jun-15,30-Jun-16,30-Jun-17, , , ,Profit Before Tax,1.82,2.23,3.11,4.22,5.77
https://www.londonstockexchange.com/exchange/prices-and-markets/stocks/summary/company-summary/GB0001012045GBGBXSSX3.html,Income,31-Dec-13,31-Dec-14,31-Dec-15,31-Dec-16,31-Dec-17, , , ,Profit Before Tax,0.00,1.00,-0.22,0.35,1.48
https://www.londonstockexchange.com/exchange/prices-and-markets/stocks/summary/company-summary/GB00B7W0XJ61GBGBXSSMM.html,Income,31-Oct-13,31-Oct-14,31-Oct-15,31-Oct-16,31-Oct-17, , , ,Profit Before Tax,12.82,13.35,6.30,28.32,12.87
https://www.londonstockexchange.com/exchange/prices-and-markets/stocks/summary/company-summary/GB00B0N8MF98GBGBXSET3.html,Income,30-Nov-13,30-Nov-14,30-Nov-15,30-Nov-16,30-Nov-17, , , ,Profit Before Tax,-5.79,-7.94,-27.57,35.20,-2.44
https://www.londonstockexchange.com/exchange/prices-and-markets/stocks/summary/company-summary/GB00B0BN1P96GBGBXSET3.html,Income,31-Jan-13,31-Jan-14,31-Jan-15,31-Jan-16,31-Jan-17, , , ,Profit Before Tax,24.21,-22.65,-31.11,-12.45,43.30
https://www.londonstockexchange.com/exchange/prices-and-markets/stocks/summary/company-summary/GB00B3SXM832GBGBXSSMM.html,Income,30-Sep-13,30-Sep-14,30-Sep-15,30-Sep-16,30-Sep-17, , , ,Profit Before Tax,40.23,55.03,-53.20,24.00,68.24
https://www.londonstockexchange.com/exchange/prices-and-markets/stocks/summary/company-summary/GB00B01RDH75GBGBXSSMM.html,Income,31-Aug-13,31-Aug-14,31-Aug-15,31-Aug-16,31-Aug-17, , , ,Profit Before Tax,62.97,12.45,19.65,42.51,62.00
https://www.londonstockexchange.com/exchange/prices-and-markets/stocks/summary/company-summary/GB0030961691GBGBXSSQ3.html,Income,31-Oct-13,31-Oct-14,31-Oct-15,31-Oct-16,31-Oct-17, , , ,Profit Before Tax,n/a,n/a,n/a,n/a,n/a
https://www.londonstockexchange.com/exchange/prices-and-markets/stocks/summary/company-summary/GB0005058408GBGBXSSMM.html,Income,31-Dec-13,31-Dec-14,31-Dec-15,31-Dec-16,31-Dec-17, , , ,Profit Before Tax,n/a,n/a,n/a,n/a,n/a
https://www.londonstockexchange.com/exchange/prices-and-markets/stocks/summary/company-summary/GB0006436108GBGBXSTMM.html,Income,28-Feb-14,28-Feb-15,29-Feb-16,28-Feb-17,28-Feb-18, , , ,Profit Before Tax,n/a,n/a,n/a,n/a,n/a
https://www.londonstockexchange.com/exchange/prices-and-markets/stocks/summary/company-summary/GB0005774855GBGBXSSMM.html,Income,31-Dec-13,31-Dec-14,31-Dec-15,31-Dec-16,31-Dec-17, , , ,Profit Before Tax,n/a,n/a,n/a,n/a,n/a
https://www.londonstockexchange.com/exchange/prices-and-markets/stocks/summary/company-summary/GB00B06GNN57GBGBXASQ1.html,Income,30-Jun-13,30-Jun-14,30-Jun-15,30-Jun-16,30-Jun-17, , , ,Profit Before Tax,5.66,2.97,7.54,-2.25,-1.73
https://www.londonstockexchange.com/exchange/prices-and-markets/stocks/summary/company-summary/GB00BF3TBT48GBGBXASQ1.html
https://www.londonstockexchange.com/exchange/prices-and-markets/stocks/summary/company-summary/GB00BYX8HX04GBGBXSSQ3.html,Income,30-Jun-17, , , , , , , ,Profit Before Tax,n/a
https://www.londonstockexchange.com/exchange/prices-and-markets/stocks/summary/company-summary/GB0033147751GBGBXSSMM.html,Income,28-Feb-14,28-Feb-15,29-Feb-16,28-Feb-17,28-Feb-18, , , ,Profit Before Tax,9.48,9.60,10.36,9.44,11.64
https://www.londonstockexchange.com/exchange/prices-and-markets/stocks/summary/company-summary/GB0005327076GBGBXSSQ3.html,Income,30-Apr-14,30-Apr-15,30-Apr-16,30-Apr-17,30-Apr-18, , , ,Profit Before Tax,5.58,2.22,-3.74,7.17,-1.11
https://www.londonstockexchange.com/exchange/prices-and-markets/stocks/summary/company-summary/GB00BYQ0HV16GBGBXAMSM.html,Income,31-Oct-15,31-Oct-16,31-Oct-17, , , , , ,Profit Before Tax,-0.74,-5.25,-9.54
https://www.londonstockexchange.com/exchange/prices-and-markets/stocks/summary/company-summary/GB00B02SSZ25GBGBXASX1.html,Income,30-Sep-12,30-Sep-13,30-Sep-14,30-Sep-15,30-Sep-16, , , ,Profit Before Tax,-1.44,-0.70,0.28,-0.11,-0.17
https://www.londonstockexchange.com/exchange/prices-and-markets/stocks/summary/company-summary/VGG118701058GBGBXSSQ3.html,Income,30-Jun-15,30-Jun-16,30-Jun-17, , , , , ,Profit Before Tax,-0.05,-0.88,1.84
https://www.londonstockexchange.com/exchange/prices-and-markets/stocks/summary/company-summary/GB00BFD3VF20GBGBXAMSM.html,Income,30-Jun-13,30-Jun-14,30-Jun-15,30-Jun-16,30-Jun-17, , , ,Profit Before Tax,-0.40,-2.39,-0.56,-0.62,-2.68
https://www.londonstockexchange.com/exchange/prices-and-markets/stocks/summary/company-summary/GB00B84H1764GBGBXASQ1.html,Income,31-Dec-13,31-Dec-14,31-Dec-15,31-Dec-16,31-Dec-17, , , ,Profit Before Tax,-0.59,-0.59,-1.08,-0.50,-1.18
https://www.londonstockexchange.com/exchange/prices-and-markets/stocks/summary/company-summary/GB00B3FLWH99GBGBXSTMM.html,Income,31-Dec-12,31-Dec-13,31-Dec-14,31-Dec-15,31-Dec-16, , , ,Profit Before Tax,89.80,98.40,103.70,75.00,91.90
https://www.londonstockexchange.com/exchange/prices-and-markets/stocks/summary/company-summary/USU7744C1063GBGBXASX1.html,Income,31-Dec-14,31-Dec-15,31-Dec-16,31-Dec-17, , , , ,Profit Before Tax,-15.01,-16.58,-21.20,-27.97
https://www.londonstockexchange.com/exchange/prices-and-markets/stocks/summary/company-summary/GB00BFWYSS80GBGBXASX1.html,Income,31-Jan-14,31-Jan-15,31-Jan-16,31-Mar-17,31-Mar-18, , , ,Profit Before Tax,-0.18,-0.03,-0.20,-0.21,-0.97
https://www.londonstockexchange.com/exchange/prices-and-markets/stocks/summary/company-summary/GB00BF8H6F45GBGBXSSQ3.html,Income,29-Mar-14,28-Mar-15,26-Mar-16,01-Apr-17,31-Mar-18, , , ,Profit Before Tax,7.98,12.40,9.56,5.79,8.00
https://www.londonstockexchange.com/exchange/prices-and-markets/stocks/summary/company-summary/GB0001110096GBGBXSSMM.html,Income,31-Dec-13,31-Dec-14,31-Dec-15,31-Dec-16,31-Dec-17, , , ,Profit Before Tax,18.19,27.12,31.49,37.97,54.68
https://www.londonstockexchange.com/exchange/prices-and-markets/stocks/summary/company-summary/GB00B08F4599GBGBXAMSM.html,Income,31-Dec-13,31-Dec-14,31-Dec-15,31-Dec-16,31-Dec-17, , , ,Profit Before Tax,-2.96,-3.89,-2.60,-3.60,-1.19
https://www.londonstockexchange.com/exchange/prices-and-markets/stocks/summary/company-summary/GB00BD70S874GBGBXSSX3.html,Income,31-Dec-16,31-Dec-17, , , , , , ,Profit Before Tax,-0.18,-0.47
https://www.londonstockexchange.com/exchange/prices-and-markets/stocks/summary/company-summary/GB00B5TFC825IEGBXASQ1.html,Income,30-Jun-13,30-Jun-14,30-Jun-15,30-Jun-16,30-Jun-17, , , ,Profit Before Tax,-0.50,-0.95,-0.34,-0.30,-0.31
https://www.londonstockexchange.com/exchange/prices-and-markets/stocks/summary/company-summary/GB0001859296GBGBXSTMM.html,Income,31-Dec-13,31-Dec-14,31-Dec-15,31-Dec-16,31-Dec-17, , , ,Profit Before Tax,78.51,133.20,158.30,154.38,114.02
https://www.londonstockexchange.com/exchange/prices-and-markets/stocks/summary/company-summary/GB00B04PYL99GBGBXAMSM.html,Income,30-Jun-13,30-Jun-14,30-Jun-15,30-Jun-16,30-Jun-17, , , ,Profit Before Tax,-11.08,-13.60,-90.02,-129.27,-53.69
https://www.londonstockexchange.com/exchange/prices-and-markets/stocks/summary/company-summary/GB00B1DWH640GBGBXASX1.html,Income,31-Jul-12,31-Jul-13,31-Jul-14,31-Jan-16,31-Jan-17, , , ,Profit Before Tax,-0.29,-0.44,-0.19,0.20,0.00
https://www.londonstockexchange.com/exchange/prices-and-markets/stocks/summary/company-summary/GB0007980591GBGBXSET1.html,Income,31-Dec-13,31-Dec-14,31-Dec-15,31-Dec-16,31-Dec-17, , , ,Profit Before Tax,30221.00,4950.00,-9571.00,-2295.00,7180.00
https://www.londonstockexchange.com/exchange/prices-and-markets/stocks/summary/company-summary/GB0000653112GBGBXSSQ3.html,Income,31-Dec-13,31-Dec-14,31-Dec-15,31-Dec-16,31-Dec-17, , , ,Profit Before Tax,8.93,-1.52,5.41,-5.16,-4.73
https://www.londonstockexchange.com/exchange/prices-and-markets/stocks/summary/company-summary/GB0002875804GBGBXSET1.html,Income,31-Dec-13,31-Dec-14,31-Dec-15,31-Dec-16,31-Dec-17, , , ,Profit Before Tax,5060.00,4129.00,4619.00,4018.00,5382.00
https://www.londonstockexchange.com/exchange/prices-and-markets/stocks/summary/company-summary/GB0001335081GBGBXSTMM.html,Income,30-Sep-13,30-Sep-14,30-Sep-15,30-Sep-16,30-Sep-17, , , ,Profit Before Tax,n/a,n/a,n/a,n/a,n/a
https://www.londonstockexchange.com/exchange/prices-and-markets/stocks/summary/company-summary/GB0001367019GBGBXSET1.html,Income,31-Mar-14,31-Mar-15,31-Mar-16,31-Mar-17,31-Mar-18, , , ,Profit Before Tax,733.00,1063.00,934.00,143.00,350.00
https://www.londonstockexchange.com/exchange/prices-and-markets/stocks/summary/company-summary/GB0005001796GBGBXSSQ3.html,Income,31-Dec-13,31-Dec-14,31-Dec-15,31-Dec-16,31-Dec-17, , , ,Profit Before Tax,2.13,1.16,4.13,1.41,2.07
https://www.londonstockexchange.com/exchange/prices-and-markets/stocks/summary/company-summary/GB0001403152GBGBXSSQ3.html,Income,31-Mar-14,31-Mar-15,31-Mar-16,31-Mar-17,31-Mar-18, , , ,Profit Before Tax,n/a,n/a,n/a,n/a,n/a
https://www.londonstockexchange.com/exchange/prices-and-markets/stocks/summary/company-summary/GB0008910555GBGBXSSMM.html,Income,30-Nov-13,30-Nov-14,30-Nov-15,30-Nov-16,30-Nov-17, , , ,Profit Before Tax,n/a,n/a,n/a,n/a,n/a
https://www.londonstockexchange.com/exchange/prices-and-markets/stocks/summary/company-summary/GB00B0188P35GBGBXASX1.html,Income,31-Dec-13,31-Dec-14,31-Dec-15,31-Dec-16,31-Dec-17, , , ,Profit Before Tax,0.93,1.09,-1.40,-0.62,-6.43
https://www.londonstockexchange.com/exchange/prices-and-markets/stocks/summary/company-summary/GB0000600931GBGBXSSQ3.html,Income,28-Feb-14,28-Feb-15,29-Feb-16,28-Feb-17,28-Feb-18, , , ,Profit Before Tax,9.05,4.93,9.93,-0.64,-1.51
https://www.londonstockexchange.com/exchange/prices-and-markets/stocks/summary/company-summary/GB0001185056GBGBXASX1.html,Income,31-Dec-13,31-Dec-14,31-Dec-15,31-Dec-16,31-Dec-17, , , ,Profit Before Tax,1.01,1.13,1.95,1.27,2.20
https://www.londonstockexchange.com/exchange/prices-and-markets/stocks/summary/company-summary/GB0001185270GBGBXASX1.html,Income,31-Dec-13,31-Dec-14,31-Dec-15,31-Dec-16,31-Dec-17, , , ,Profit Before Tax,1.01,1.13,1.95,1.27,2.20
https://www.londonstockexchange.com/exchange/prices-and-markets/stocks/summary/company-summary/GB00BF8HJ774GBGBXASQ1.html,Income,31-Dec-13,31-Dec-14,31-Dec-15,31-Dec-16,31-Dec-17, , , ,Profit Before Tax,-19.37,-18.77,-54.39,-6.48,-17.16
https://www.londonstockexchange.com/exchange/prices-and-markets/stocks/summary/company-summary/GB00B13XV322GBGBXASX1.html,Income,31-Mar-14,31-Mar-15,31-Mar-16,31-Mar-17,31-Mar-18, , , ,Profit Before Tax,0.02,-0.77,-1.69,0.78,1.49
https://www.londonstockexchange.com/exchange/prices-and-markets/stocks/summary/company-summary/GB0001765816GBGBXSTMM.html,Income,29-Sep-13,28-Sep-14,30-Sep-15,30-Sep-16,30-Sep-17, , , ,Profit Before Tax,28.57,8.65,61.00,50.06,57.64
https://www.londonstockexchange.com/exchange/prices-and-markets/stocks/summary/company-summary/GB00BG49KW66GBGBXASQ1.html,Income,30-Jun-13,29-Jun-14,28-Jun-15,26-Jun-16,25-Jun-17, , , ,Profit Before Tax,0.36,-0.51,-6.24,0.05,1.89
https://www.londonstockexchange.com/exchange/prices-and-markets/stocks/summary/company-summary/GB00B0N8QD54GBGBXSTMM.html,Income,29-Sep-13,28-Sep-14,27-Sep-15,02-Oct-16,01-Oct-17, , , ,Profit Before Tax,82.60,120.10,137.60,151.90,138.80
https://www.londonstockexchange.com/exchange/prices-and-markets/stocks/summary/company-summary/GB00B067N833GBGBXAMSM.html,Income,30-Jun-13,30-Jun-14,30-Jun-15,30-Jun-16,30-Jun-17, , , ,Profit Before Tax,10.40,10.70,11.42,15.96,8.09
https://www.londonstockexchange.com/exchange/prices-and-markets/stocks/summary/company-summary/GB00B1P6ZR11GBGBXSSMM.html,Income,01-Mar-14,28-Feb-15,27-Feb-16,04-Mar-17,03-Mar-18, , , ,Profit Before Tax,97.30,76.30,72.20,57.60,16.20
https://www.londonstockexchange.com/exchange/prices-and-markets/stocks/summary/company-summary/GB0001490001GBGBXSSMM.html,Income,30-Nov-13,30-Nov-14,30-Nov-15,30-Nov-16,30-Nov-17, , , ,Profit Before Tax,48.26,16.72,n/a,n/a,n/a
https://www.londonstockexchange.com/exchange/prices-and-markets/stocks/summary/company-summary/GB0030913577GBGBXSET1.html,Income,31-Mar-14,31-Mar-15,31-Mar-16,31-Mar-17,31-Mar-18, , , ,Profit Before Tax,2591.00,2646.00,3023.00,2363.00,2617.00
https://www.londonstockexchange.com/exchange/prices-and-markets/stocks/summary/company-summary/GB0001001592GBGBXSTMM.html,Income,31-Mar-14,31-Mar-15,31-Mar-16,31-Mar-17,31-Mar-18, , , ,Profit Before Tax,33.30,26.70,57.50,31.60,-70.60
https://www.londonstockexchange.com/exchange/prices-and-markets/stocks/summary/company-summary/GB00B0744B38GBGBXSET1.html,Income,31-Dec-13,31-Dec-14,31-Dec-15,31-Dec-16,31-Dec-17, , , ,Profit Before Tax,289.90,299.80,322.70,362.90,409.30
https://www.londonstockexchange.com/exchange/prices-and-markets/stocks/summary/company-summary/GB0031743007GBGBXSET1.html,Income,31-Mar-14,31-Mar-15,31-Mar-16,31-Mar-17,31-Mar-18, , , ,Profit Before Tax,444.40,444.60,415.60,394.80,412.60
https://www.londonstockexchange.com/exchange/prices-and-markets/stocks/summary/company-summary/GB00B0999995GBGBXASX1.html,Income,31-Mar-14,31-Mar-15,31-Mar-16,31-Mar-17,31-Mar-18, , , ,Profit Before Tax,-0.84,-0.75,-0.53,-0.13,-0.24
https://www.londonstockexchange.com/exchange/prices-and-markets/stocks/summary/company-summary/GB00BQQ2RV18GBGBXASQ1.html,Income,31-Jul-15,31-Jul-16,31-Jul-17, , , , , ,Profit Before Tax,-3.81,-6.76,-8.49
https://www.londonstockexchange.com/exchange/prices-and-markets/stocks/summary/company-summary/GB00B0D47T64GBGBXASQ1.html,Income,31-Dec-13,31-Dec-14,31-Dec-15,31-Dec-16,31-Dec-17, , , ,Profit Before Tax,-27.23,-59.07,-10.72,-2.52,-3.99
https://www.londonstockexchange.com/exchange/prices-and-markets/stocks/summary/company-summary/GB00B067JC96GBGBXASQ1.html,Income,31-Dec-13,31-Dec-14,31-Dec-15,31-Dec-16,31-Dec-17, , , ,Profit Before Tax,1.45,-3.06,-3.22,0.82,1.53
https://www.londonstockexchange.com/exchange/prices-and-markets/stocks/summary/company-summary/GB00B12WC938GBGBXSSX3.html,Income,31-Dec-13,31-Dec-14,31-Dec-15,31-Dec-16,31-Dec-17, , , ,Profit Before Tax,-7.77,-4.48,-9.40,-5.66,-0.59
https://www.londonstockexchange.com/exchange/prices-and-markets/stocks/summary/company-summary/GB0001615219GBGBXSSQ3.html,Income,31-Mar-14,31-Mar-15,31-Mar-16,31-Mar-17,31-Mar-18, , , ,Profit Before Tax,1.57,11.44,2.64,1.66,1.16
https://www.londonstockexchange.com/exchange/prices-and-markets/stocks/summary/company-summary/GB00B74CDH82GBGBXSTMM.html,Income,31-Dec-13,31-Dec-14,31-Dec-15,31-Dec-16,31-Dec-17, , , ,Profit Before Tax,-1098.90,-559.10,-497.80,-151.50,256.40
https://www.londonstockexchange.com/exchange/prices-and-markets/stocks/summary/company-summary/GB00BDZWB751GBGBXASQ1.html
https://www.londonstockexchange.com/exchange/prices-and-markets/stocks/summary/company-summary/GB00BYQPF348GBGBXSSX3.html,Income,28-Feb-15,29-Feb-16,28-Feb-17,28-Feb-18, , , , ,Profit Before Tax,-0.01,-0.54,-0.34,-0.27
https://www.londonstockexchange.com/exchange/prices-and-markets/stocks/summary/company-summary/GB00BDFB4953GBGBXSSX3.html,Income,28-Feb-15,29-Feb-16,28-Feb-17,28-Feb-18, , , , ,Profit Before Tax,-0.01,-0.54,-0.34,-0.27
https://www.londonstockexchange.com/exchange/prices-and-markets/stocks/summary/company-summary/GB0001639920GBGBXSTMM.html,Income,31-Mar-14,31-Mar-15,31-Mar-16,31-Mar-17,31-Mar-18, , , ,Profit Before Tax,180.80,204.50,36.20,284.50,22.20
https://www.londonstockexchange.com/exchange/prices-and-markets/stocks/summary/company-summary/GB0001628584GBGBXASX1.html,Income,30-Jun-13,30-Jun-14,30-Jun-15,30-Jun-16,30-Jun-17, , , ,Profit Before Tax,-0.06,0.16,0.56,0.10,1.04
https://www.londonstockexchange.com/exchange/prices-and-markets/stocks/summary/company-summary/GB00BKXNB024GBGBXSSMM.html,Income,31-Dec-13,31-Dec-14,31-Dec-15,31-Dec-16,31-Dec-17, , , ,Profit Before Tax,7.77,-4.24,-16.41,-37.39,-9.00
https://www.londonstockexchange.com/exchange/prices-and-markets/stocks/summary/company-summary/GB00B4R32X65GBGBXASQ1.html,Income,31-Aug-13,31-Aug-14,31-Aug-15,31-Aug-16,31-Aug-17, , , ,Profit Before Tax,4.03,5.31,7.66,11.77,11.25
https://www.londonstockexchange.com/exchange/prices-and-markets/stocks/summary/company-summary/GB00B8DV9647GBGBXASQ1.html,Income,31-Dec-13,31-Dec-14,31-Dec-15,31-Dec-16,31-Dec-17, , , ,Profit Before Tax,-2.99,-0.30,-0.87,0.12,-0.28
https://www.londonstockexchange.com/exchange/prices-and-markets/stocks/summary/company-summary/GB0001667087GBGBXAMSM.html,Income,31-Dec-13,31-Dec-14,31-Dec-15,31-Dec-16,31-Dec-17, , , ,Profit Before Tax,58.67,20.89,36.34,21.40,25.60
https://www.londonstockexchange.com/exchange/prices-and-markets/stocks/summary/company-summary/CA13643D1078GBGBXSSQ3.html,Income,31-Dec-13,31-Dec-14,31-Dec-15,31-Dec-16,31-Dec-17, , , ,Profit Before Tax,-9.07,-7.15,-6.68,-6.76,-20.15
https://www.londonstockexchange.com/exchange/prices-and-markets/stocks/summary/company-summary/GB00B62G9D36GBGBXSTMM.html,Income,31-Dec-13,31-Dec-14,31-Dec-15,31-Dec-16,31-Dec-17, , , ,Profit Before Tax,347.20,450.20,460.60,-240.00,-62.50
https://www.londonstockexchange.com/exchange/prices-and-markets/stocks/summary/company-summary/AU0000XINAS1GBGBXASQ1.html,Income,30-Jun-13,30-Jun-14,30-Jun-15,30-Jun-16,30-Jun-17, , , ,Profit Before Tax,-2.32,-2.54,-1.88,-1.29,-1.66
https://www.londonstockexchange.com/exchange/prices-and-markets/stocks/summary/company-summary/GB0001741544GBGBXSSMM.html,Income,30-Dec-13,30-Dec-14,30-Dec-15,30-Dec-16,30-Dec-17, , , ,Profit Before Tax,-0.70,57.00,89.80,-4.80,24.40
https://www.londonstockexchange.com/exchange/prices-and-markets/stocks/summary/company-summary/GB00B23K0M20GBGBXSTMM.html,Income,31-Dec-13,31-Dec-14,31-Dec-15,31-Dec-16,31-Dec-17, , , ,Profit Before Tax,215.00,292.40,112.10,74.80,-513.10
https://www.londonstockexchange.com/exchange/prices-and-markets/stocks/summary/company-summary/GB0001738615GBGBXSSMM.html,Income,05-Apr-14,05-Apr-15,05-Apr-16,05-Apr-17,05-Apr-18, , , ,Profit Before Tax,-1.87,5.64,n/a,n/a,n/a
https://www.londonstockexchange.com/exchange/prices-and-markets/stocks/summary/company-summary/GB0001751915GBGBXSET3.html,Income,31-Mar-14,31-Mar-15,31-Mar-16,31-Mar-17,31-Mar-18, , , ,Profit Before Tax,4.77,-24.54,3.90,10.48,8.17
https://www.londonstockexchange.com/exchange/prices-and-markets/stocks/summary/company-summary/GB00BLY2F708GBGBXSTMM.html,Income,31-Jan-14,31-Jan-15,31-Jan-16,31-Jan-17,31-Jan-18, , , ,Profit Before Tax,30.10,42.70,83.70,82.80,72.60
https://www.londonstockexchange.com/exchange/prices-and-markets/stocks/summary/company-summary/GB0001754257GBGBXSSQ3.html,Income,30-Sep-13,30-Sep-14,30-Sep-15,30-Sep-16,30-Sep-17, , , ,Profit Before Tax,0.25,1.14,0.66,0.80,1.52
https://www.londonstockexchange.com/exchange/prices-and-markets/stocks/summary/company-summary/GB00B0KWHQ09GBGBXAMSM.html,Income,30-Sep-13,30-Sep-14,30-Sep-15,30-Sep-16,30-Sep-17, , , ,Profit Before Tax,28.09,12.49,9.40,22.54,16.78
https://www.londonstockexchange.com/exchange/prices-and-markets/stocks/summary/company-summary/BZP211481122GBGBXASX1.html,Income,31-Mar-14,31-Mar-15,31-Mar-16,31-Mar-17,31-Mar-18, , , ,Profit Before Tax,-12.00,-12.60,3.20,1.50,27.80
https://www.londonstockexchange.com/exchange/prices-and-markets/stocks/summary/company-summary/GB0007365546GBGBXSET3.html,Income,31-Dec-12,31-Dec-13,31-Dec-14,31-Dec-15,31-Dec-16, , , ,Profit Before Tax,145.20,84.10,117.50,129.10,110.40
https://www.londonstockexchange.com/exchange/prices-and-markets/stocks/summary/company-summary/GB0031215220GBGBXSET1.html,Income,30-Nov-13,30-Nov-14,30-Nov-15,30-Nov-16,30-Nov-17, , , ,Profit Before Tax,1072.00,1245.00,1799.00,2828.00,2666.00
https://www.londonstockexchange.com/exchange/prices-and-markets/stocks/summary/company-summary/GB0001772945GBGBXSSMM.html,Income,26-Apr-14,02-May-15,30-Apr-16,29-Apr-17,28-Apr-18, , , ,Profit Before Tax,-7.20,6.60,12.80,0.90,-70.50
https://www.londonstockexchange.com/exchange/prices-and-markets/stocks/summary/company-summary/GB00BRK01058GBGBXSSMM.html,Income,31-Aug-13,31-Aug-14,29-Aug-15,03-Sep-16,02-Sep-17, , , ,Profit Before Tax,13.00,14.07,15.16,12.00,7.19
https://www.londonstockexchange.com/exchange/prices-and-markets/stocks/summary/company-summary/GB00B1W0VW36GBGBXASX1.html,Income,31-Dec-12,31-Dec-13,31-Dec-14,31-Dec-15,31-Dec-16, , , ,Profit Before Tax,-7.78,-11.22,20.09,-1.87,-4.25
https://www.londonstockexchange.com/exchange/prices-and-markets/stocks/summary/company-summary/GB0001795680GBGBXSET3.html,Income,31-Mar-14,31-Mar-15,31-Mar-16,31-Mar-17,31-Mar-18, , , ,Profit Before Tax,21.83,17.55,19.68,15.92,12.08
https://www.londonstockexchange.com/exchange/prices-and-markets/stocks/summary/company-summary/GB00BYV2WV72GBGBXASX1.html,Income,31-Mar-14,31-Mar-15,31-Mar-16,31-Mar-17,31-Mar-18, , , ,Profit Before Tax,-1.25,-3.06,-1.90,-0.54,1.83
https://www.londonstockexchange.com/exchange/prices-and-markets/stocks/summary/company-summary/GB00B282R334GBGBXASX1.html,Income,30-Jun-13,30-Jun-14,30-Jun-15,30-Jun-16,30-Jun-17, , , ,Profit Before Tax,-8.51,-4.38,-2.93,-3.47,-0.10
https://www.londonstockexchange.com/exchange/prices-and-markets/stocks/summary/company-summary/BMG1961Q2095GBUSDSFM2.html,Income,31-Dec-13,31-Dec-14,31-Dec-15,31-Dec-16,31-Dec-17, , , ,Profit Before Tax,-16.07,-12.26,-12.33,-12.63,-8.15
https://www.londonstockexchange.com/exchange/prices-and-markets/stocks/summary/company-summary/BMG1961Q1592GBUSDSFM2.html,Income,31-Dec-13,31-Dec-14,31-Dec-15,31-Dec-16,31-Dec-17, , , ,Profit Before Tax,-16.07,-12.26,-12.33,-12.63,-8.15
https://www.londonstockexchange.com/exchange/prices-and-markets/stocks/summary/company-summary/GB0033127910GBGBXASX1.html,Income,30-Sep-13,30-Sep-14,30-Sep-15,30-Sep-16,30-Sep-17, , , ,Profit Before Tax,-0.98,-1.07,-1.40,-1.76,-2.24
https://www.londonstockexchange.com/exchange/prices-and-markets/stocks/summary/company-summary/BMG1965E1030GBGBXSSX3.html,Income,31-Dec-13,31-Dec-14,31-Dec-15,31-Dec-16,31-Dec-17, , , ,Profit Before Tax,1.62,7.94,-12.56,-8.89,0.35
https://www.londonstockexchange.com/exchange/prices-and-markets/stocks/summary/company-summary/GB00BYSRMH16GBGBXSSMM.html,Income,31-Oct-16,31-Oct-17, , , , , , ,Profit Before Tax,18.82,21.54
https://www.londonstockexchange.com/exchange/prices-and-markets/stocks/summary/company-summary/GB00B0GWFM68GBGBXASX1.html,Income,31-Dec-13,31-Dec-14,31-Dec-15,31-Dec-16,31-Dec-17, , , ,Profit Before Tax,-2.49,2.94,0.44,0.60,-0.66
https://www.londonstockexchange.com/exchange/prices-and-markets/stocks/summary/company-summary/GB00B0310763GBGBXASX1.html,Income,31-Dec-13,31-Dec-14,31-Dec-15,31-Dec-16,31-Dec-17, , , ,Profit Before Tax,5.46,3.79,4.75,-1.69,5.82
https://www.londonstockexchange.com/exchange/prices-and-markets/stocks/summary/company-summary/GB0004339189GBGBXASX1.html,Income,30-Jun-13,30-Jun-14,30-Jun-15,30-Jun-16,30-Jun-17, , , ,Profit Before Tax,9.74,11.17,-3.95,0.46,6.90
https://www.londonstockexchange.com/exchange/prices-and-markets/stocks/summary/company-summary/GB00B1FLHR07GBGBXASQ1.html,Income,31-Dec-13,31-Dec-14,31-Dec-15,31-Dec-16,31-Dec-17, , , ,Profit Before Tax,10.71,26.97,19.90,4.40,10.00
https://www.londonstockexchange.com/exchange/prices-and-markets/stocks/summary/company-summary/GB0034291418GBGBXSET3.html,Income,30-Jun-13,31-Dec-14,31-Dec-15,31-Dec-16,31-Dec-17, , , ,Profit Before Tax,-37.40,-3.40,-5.60,-4.40,-0.70
https://www.londonstockexchange.com/exchange/prices-and-markets/stocks/summary/company-summary/GB00B67KBV28GBGBXAMSM.html,Income,31-Dec-13,31-Dec-14,31-Dec-15,31-Dec-16,31-Dec-17, , , ,Profit Before Tax,55.35,70.28,32.75,32.89,49.74
https://www.londonstockexchange.com/exchange/prices-and-markets/stocks/summary/company-summary/GB00BCCW4X83GBGBXASQ1.html,Income,31-Dec-13,31-Dec-14,31-Dec-15,31-Dec-16,31-Dec-17, , , ,Profit Before Tax,0.70,0.52,1.49,1.16,1.37
https://www.londonstockexchange.com/exchange/prices-and-markets/stocks/summary/company-summary/GB00B033F229GBGBXSET1.html,Income,31-Dec-13,31-Dec-14,31-Dec-15,31-Dec-16,31-Dec-17, , , ,Profit Before Tax,1478.00,-1535.00,-1323.00,2084.00,119.00
https://www.londonstockexchange.com/exchange/prices-and-markets/stocks/summary/company-summary/GB00B86TNX04GBGBXASX1.html,Income,31-Dec-13,31-Dec-14,31-Dec-15,31-Dec-16,31-Dec-17, , , ,Profit Before Tax,0.22,0.23,0.24,-0.46,0.06
https://www.londonstockexchange.com/exchange/prices-and-markets/stocks/summary/company-summary/GB00BG5KQW09GBGBXAMSM.html,Income,30-Jun-13,30-Jun-14,30-Jun-15,30-Jun-16,30-Jun-17, , , ,Profit Before Tax,-12.69,-8.52,-11.61,-12.62,-11.43
https://www.londonstockexchange.com/exchange/prices-and-markets/stocks/summary/company-summary/GB00BYYX6C66GBGBXASQ1.html,Income,30-Sep-15,30-Sep-16,30-Sep-17, , , , , ,Profit Before Tax,-0.58,0.24,2.00
https://www.londonstockexchange.com/exchange/prices-and-markets/stocks/summary/company-summary/VGG203461055GBGBXAMSM.html,Income,31-Dec-13,31-Dec-14,31-Dec-15,31-Dec-16,31-Dec-17, , , ,Profit Before Tax,-14.38,-14.05,-4.60,-4.45,-18.09
https://www.londonstockexchange.com/exchange/prices-and-markets/stocks/summary/company-summary/VG1574371129GBUSDSSQ3.html,Income,31-Dec-13,31-Dec-14,31-Dec-15,31-Dec-16,31-Dec-17, , , ,Profit Before Tax,1.18,2.23,3.46,1.59,1.37
https://www.londonstockexchange.com/exchange/prices-and-markets/stocks/summary/company-summary/GG00BV0LCK35GBGBXSSQ3.html,Income,31-Dec-15,31-Dec-16,31-Dec-17, , , , , ,Profit Before Tax,-2.60,-1.93,-0.99
https://www.londonstockexchange.com/exchange/prices-and-markets/stocks/summary/company-summary/GB0001870228GBGBXASQ1.html,Income,31-Mar-14,31-Mar-15,31-Mar-16,31-Mar-17,31-Mar-18, , , ,Profit Before Tax,-2.12,0.08,-0.24,0.05,-0.47
https://www.londonstockexchange.com/exchange/prices-and-markets/stocks/summary/company-summary/GB0008976119GBGBXASQ1.html,Income,31-Aug-13,31-Aug-14,31-Aug-15,31-Aug-16,31-Aug-17, , , ,Profit Before Tax,0.20,7.11,12.27,13.13,12.24
https://www.londonstockexchange.com/exchange/prices-and-markets/stocks/summary/company-summary/GB0006556046GBGBXSET3.html,Income,31-Mar-14,31-Mar-15,31-Mar-16,31-Mar-17,31-Mar-18, , , ,Profit Before Tax,6.13,-4.45,-0.69,8.80,11.45
https://www.londonstockexchange.com/exchange/prices-and-markets/stocks/summary/company-summary/GB0001883718GBGBXSSMM.html,Income,31-Dec-13,31-Dec-14,31-Dec-15,31-Dec-16,31-Dec-17, , , ,Profit Before Tax,6.84,9.44,12.69,11.76,9.15
https://www.londonstockexchange.com/exchange/prices-and-markets/stocks/summary/company-summary/GB00BD822578GBGBXSTMM.html,Income,31-Dec-14,31-Dec-15,31-Dec-16, , , , , ,Profit Before Tax,-1.40,27.17,48.90
https://www.londonstockexchange.com/exchange/prices-and-markets/stocks/summary/company-summary/GB0006615826GBGBXSSQ3.html,Income,30-Apr-14,30-Apr-15,30-Apr-16,30-Apr-17,30-Apr-18, , , ,Profit Before Tax,n/a,n/a,n/a,n/a,n/a
https://www.londonstockexchange.com/exchange/prices-and-markets/stocks/summary/company-summary/GB0002621349GBGBXSSQ3.html,Income,31-Aug-13,31-Aug-14,31-Aug-15,31-Aug-16,31-Aug-17, , , ,Profit Before Tax,1.00,0.63,0.29,0.48,1.47
https://www.londonstockexchange.com/exchange/prices-and-markets/stocks/summary/company-summary/GB00B45C9X44GBGBXSSMM.html,Income,31-Oct-13,31-Oct-14,31-Oct-15,31-Oct-16,31-Oct-17, , , ,Profit Before Tax,-56.60,-5.20,-9.10,8.00,15.80
https://www.londonstockexchange.com/exchange/prices-and-markets/stocks/summary/company-summary/GB00B00FPT80GBGBXSSMM.html,Income,31-Dec-12,31-Dec-13,31-Dec-14,31-Dec-15,31-Dec-16, , , ,Profit Before Tax,18.44,59.34,27.95,42.33,40.54
https://www.londonstockexchange.com/exchange/prices-and-markets/stocks/summary/company-summary/GB00BF2F1X78GBGBXSSQ3.html,Income,30-Apr-17,31-Dec-17, , , , , , ,Profit Before Tax,n/a,-0.11
https://www.londonstockexchange.com/exchange/prices-and-markets/stocks/summary/company-summary/KYG215771042GBGBXAMSM.html,Income,31-Dec-13,31-Dec-14,31-Dec-15,31-Dec-16,31-Dec-17, , , ,Profit Before Tax,-6.39,-15.68,-6.15,-6.31,-14.97
https://www.londonstockexchange.com/exchange/prices-and-markets/stocks/summary/company-summary/GB0001953156GBGBXASX1.html,Income,31-Dec-13,31-Dec-14,31-Dec-15,31-Dec-16,31-Dec-17, , , ,Profit Before Tax,0.54,3.36,3.16,1.80,3.15
https://www.londonstockexchange.com/exchange/prices-and-markets/stocks/summary/company-summary/GB0030348683GBGBXSSQ3.html,Income,31-Oct-13,31-Oct-14,31-Oct-15,31-Oct-16,31-Oct-17, , , ,Profit Before Tax,1.11,3.25,1.99,n/a,n/a
https://www.londonstockexchange.com/exchange/prices-and-markets/stocks/summary/company-summary/GB0001961035GBGBXASX1.html,Income,31-Dec-13,31-Dec-14,31-Dec-15,31-Dec-16,31-Dec-17, , , ,Profit Before Tax,3.25,4.20,4.88,6.36,7.62
https://www.londonstockexchange.com/exchange/prices-and-markets/stocks/summary/company-summary/GB00B15FWH70GBGBXSTMM.html,Income,27-Dec-12,26-Dec-13,01-Jan-15,31-Dec-15,31-Dec-16, , , ,Profit Before Tax,38.60,31.00,67.40,99.70,98.20
https://www.londonstockexchange.com/exchange/prices-and-markets/stocks/summary/company-summary/GB00BJVD3B28GBGBXSSMM.html,Income,31-Dec-13,31-Dec-14,31-Dec-15,31-Dec-16,31-Dec-17, , , ,Profit Before Tax,-23.94,-43.91,-62.90,-145.50,-113.60
https://www.londonstockexchange.com/exchange/prices-and-markets/stocks/summary/company-summary/GB00B104RS51GBGBXSSMM.html,Income,31-May-13,30-Jun-14,30-Jun-15,30-Jun-16,30-Jun-17, , , ,Profit Before Tax,8.86,7.24,8.93,7.97,11.59
https://www.londonstockexchange.com/exchange/prices-and-markets/stocks/summary/company-summary/GB0001990497GBGBXSTMM.html,Income,30-Jun-14,30-Jun-15,30-Jun-16,30-Jun-17,30-Jun-18, , , ,Profit Before Tax,129.65,n/a,n/a,n/a,n/a
https://www.londonstockexchange.com/exchange/prices-and-markets/stocks/summary/company-summary/GB00BD9GS058GBGBXASQ1.html,Income,31-Mar-14,31-Mar-15,31-Mar-16,31-Mar-17,31-Mar-18, , , ,Profit Before Tax,-3.98,-1.55,-5.87,-1.26,-1.16
https://www.londonstockexchange.com/exchange/prices-and-markets/stocks/summary/company-summary/GB0000353929GBGBXSET3.html,Income,30-Jun-13,30-Jun-14,30-Jun-15,30-Jun-16,30-Jun-17, , , ,Profit Before Tax,-51.33,1.65,-21.55,8.28,7.62
https://www.londonstockexchange.com/exchange/prices-and-markets/stocks/summary/company-summary/GB00BYWRS683GBGBXASQ1.html,Income,28-Dec-14,27-Dec-15,25-Dec-16,31-Dec-17, , , , ,Profit Before Tax,-0.76,0.86,0.58,-0.26
https://www.londonstockexchange.com/exchange/prices-and-markets/stocks/summary/company-summary/GB00BDZZT368GBGBXSSMU.html,Income,17-Nov-16,31-Mar-18, , , , , , ,Profit Before Tax,-0.03,36.93
https://www.londonstockexchange.com/exchange/prices-and-markets/stocks/summary/company-summary/GB00BD8HBD32GBGBXSSMM.html,Income,17-Nov-16,31-Mar-18, , , , , , ,Profit Before Tax,-0.03,36.93
https://www.londonstockexchange.com/exchange/prices-and-markets/stocks/summary/company-summary/GB0002015021GBGBXSET3.html,Income,31-Dec-13,31-Dec-14,31-Dec-15,31-Dec-16,31-Dec-17, , , ,Profit Before Tax,1.70,-0.70,3.50,3.70,7.10
https://www.londonstockexchange.com/exchange/prices-and-markets/stocks/summary/company-summary/GB0002018363GBGBXSTMM.html,Income,31-Dec-13,31-Dec-14,31-Dec-15,31-Dec-16,31-Dec-17, , , ,Profit Before Tax,22.00,25.20,31.80,47.30,45.40
https://www.londonstockexchange.com/exchange/prices-and-markets/stocks/summary/company-summary/GB00B50P5B53GBGBXASX1.html,Income,31-Dec-13,31-Dec-14,31-Dec-15,31-Dec-16,31-Dec-17, , , ,Profit Before Tax,-7.32,-3.14,-20.25,-0.38,-0.06
https://www.londonstockexchange.com/exchange/prices-and-markets/stocks/summary/company-summary/KYG2294M1134GBGBXASQ1.html,Income,31-Dec-13,31-Dec-14,31-Dec-15,31-Dec-16,31-Dec-17, , , ,Profit Before Tax,0.71,-1.75,-2.26,-2.11,-1.95
https://www.londonstockexchange.com/exchange/prices-and-markets/stocks/summary/company-summary/GB00B89J2419GBGBXAMSM.html,Income,30-Jun-13,30-Jun-14,30-Jun-15,30-Jun-16,30-Jun-17, , , ,Profit Before Tax,14.51,21.28,8.36,15.50,13.30
https://www.londonstockexchange.com/exchange/prices-and-markets/stocks/summary/company-summary/GB00BMMV6B79GBGBXSSMM.html,Income,30-Apr-14,30-Apr-15,30-Apr-16,30-Apr-17,30-Apr-18, , , ,Profit Before Tax,3.95,9.48,13.12,15.84,18.86
https://www.londonstockexchange.com/exchange/prices-and-markets/stocks/summary/company-summary/GB00B09WLX62IEGBXASX1.html,Income,31-Dec-13,31-Dec-14,31-Dec-15,31-Dec-16,31-Dec-17, , , ,Profit Before Tax,-3.18,-0.27,-0.20,-0.20,-2.78
https://www.londonstockexchange.com/exchange/prices-and-markets/stocks/summary/company-summary/GB0007668071GBGBXSTMM.html,Income,31-Jul-14,31-Jul-15,31-Jul-16,31-Jul-17,31-Jul-18, , , ,Profit Before Tax,156.50,164.40,172.70,201.30,206.10
https://www.londonstockexchange.com/exchange/prices-and-markets/stocks/summary/company-summary/GB00B09Y8Y28GBGBXASX1.html,Income,31-Dec-13,31-Dec-14,31-Dec-15,31-Dec-16,31-Dec-17, , , ,Profit Before Tax,-0.94,-4.63,-6.06,-4.27,-2.75
https://www.londonstockexchange.com/exchange/prices-and-markets/stocks/summary/company-summary/GB00B4XS5145GBGBXASQ1.html,Income,31-Dec-13,31-Dec-14,31-Dec-15,31-Dec-16,31-Dec-17, , , ,Profit Before Tax,-3.74,-5.52,-3.71,-3.76,-2.58
https://www.londonstockexchange.com/exchange/prices-and-markets/stocks/summary/company-summary/GB00BF044593GBGBXSTMM.html,Income,31-Dec-13,31-Dec-14,31-Dec-15,31-Dec-16,31-Dec-17, , , ,Profit Before Tax,76.20,239.40,151.20,101.10,192.10
https://www.londonstockexchange.com/exchange/prices-and-markets/stocks/summary/company-summary/GB00B6SYKF01GBGBXASQ1.html,Income,31-Dec-13,31-Dec-14,31-Dec-15,31-Dec-16,31-Dec-17, , , ,Profit Before Tax,-1.93,-1.73,-1.87,-1.73,-1.59
https://www.londonstockexchange.com/exchange/prices-and-markets/stocks/summary/company-summary/GB00B14SKR37GBGBXSSMM.html,Income,31-Mar-15,31-Mar-16,31-Mar-17, , , , , ,Profit Before Tax,43.51,53.38,48.46
https://www.londonstockexchange.com/exchange/prices-and-markets/stocks/summary/company-summary/GB0001602944GBGBXSSX3.html,Income,31-Mar-14,31-Mar-15,31-Mar-16,31-Mar-17,31-Mar-18, , , ,Profit Before Tax,5.79,3.18,3.32,4.21,4.58
https://www.londonstockexchange.com/exchange/prices-and-markets/stocks/summary/company-summary/GB00B4YZN328GBGBXSTMM.html,Income,31-Dec-12,31-Dec-13,31-Dec-14,31-Dec-15,31-Dec-16, , , ,Profit Before Tax,-67.00,13.00,42.00,79.80,121.70
https://www.londonstockexchange.com/exchange/prices-and-markets/stocks/summary/company-summary/GB00B07KD360GBGBXSTMM.html,Income,31-Dec-13,31-Dec-14,31-Dec-15,31-Dec-16,31-Dec-17, , , ,Profit Before Tax,123.50,24.10,-39.80,-847.90,66.90
https://www.londonstockexchange.com/exchange/prices-and-markets/stocks/summary/company-summary/CH0198251305GBGBXSET1.html,Income,31-Dec-13,31-Dec-14,31-Dec-15,31-Dec-16,31-Dec-17, , , ,Profit Before Tax,282.20,288.20,350.00,444.00,553.10
https://www.londonstockexchange.com/exchange/prices-and-markets/stocks/summary/company-summary/GB00BFWZ2G72GBGBXASQ1.html
https://www.londonstockexchange.com/exchange/prices-and-markets/stocks/summary/company-summary/GB00B0YD2B94GBGBXASQ1.html,Income,30-Apr-14,30-Apr-15,30-Apr-16,30-Apr-17,30-Apr-18, , , ,Profit Before Tax,6.74,5.95,5.31,0.96,9.87
https://www.londonstockexchange.com/exchange/prices-and-markets/stocks/summary/company-summary/GB0002090453GBGBXASX1.html,Income,30-Apr-14,30-Apr-15,30-Apr-16,30-Apr-17,30-Apr-18, , , ,Profit Before Tax,4.88,5.03,5.02,2.94,4.72
https://www.londonstockexchange.com/exchange/prices-and-markets/stocks/summary/company-summary/GB00B94T6Y14GBGBXASQ1.html,Income,31-Mar-14,31-Mar-15,31-Mar-16,31-Mar-17,31-Mar-18, , , ,Profit Before Tax,-0.48,-1.10,-0.87,-1.61,-2.62
https://www.londonstockexchange.com/exchange/prices-and-markets/stocks/summary/company-summary/GB00BDGJ2R22GBGBXASQ1.html,Income,31-Dec-13,31-Dec-14,31-Dec-15,31-Dec-16,31-Dec-17, , , ,Profit Before Tax,-2.79,-5.11,-11.47,-11.89,-5.02
https://www.londonstockexchange.com/exchange/prices-and-markets/stocks/summary/company-summary/GB0006683238GBGBXSSMM.html,Income,31-Dec-12,31-Dec-13,31-Dec-14,31-Dec-15,31-Dec-16, , , ,Profit Before Tax,6.78,6.27,-13.26,17.26,11.59
https://www.londonstockexchange.com/exchange/prices-and-markets/stocks/summary/company-summary/GB00BD6K4575GBGBXSET1.html,Income,30-Sep-13,30-Sep-14,30-Sep-15,30-Sep-16,30-Sep-17, , , ,Profit Before Tax,711.00,1138.00,1120.00,1282.00,1518.00
https://www.londonstockexchange.com/exchange/prices-and-markets/stocks/summary/company-summary/GB00BYT1L205GBGBXASQ1.html,Income,31-Dec-15,31-Dec-16,31-Dec-17, , , , , ,Profit Before Tax,1.29,-1.00,0.46
https://www.londonstockexchange.com/exchange/prices-and-markets/stocks/summary/company-summary/GB00BV9FP302GBGBXSTMM.html,Income,31-Dec-13,31-Dec-14,31-Dec-15,31-Dec-16,31-Dec-17, , , ,Profit Before Tax,50.52,76.42,126.77,87.07,111.70
https://www.londonstockexchange.com/exchange/prices-and-markets/stocks/summary/company-summary/GB00BYZ2R301GBGBXASQ1.html,Income,31-Dec-13,31-Dec-14,31-Dec-15,31-Dec-16,31-Dec-17, , , ,Profit Before Tax,-1.83,-1.22,-0.25,-2.56,-2.45
https://www.londonstockexchange.com/exchange/prices-and-markets/stocks/summary/company-summary/GB0002183191GBGBXASX1.html,Income,31-Dec-13,31-Dec-14,31-Dec-15,31-Dec-16,31-Dec-17, , , ,Profit Before Tax,0.45,1.72,2.73,2.90,2.97
https://www.londonstockexchange.com/exchange/prices-and-markets/stocks/summary/company-summary/GB00B8225591GBGBXASX1.html,Income,31-Dec-13,31-Dec-14,31-Dec-15,31-Dec-16,31-Dec-17, , , ,Profit Before Tax,-2.91,-3.26,-3.06,-7.68,-3.02
https://www.londonstockexchange.com/exchange/prices-and-markets/stocks/summary/company-summary/GB00B17WCR61GBGBXSSMM.html,Income,31-Aug-13,31-Aug-14,31-Aug-15,31-Aug-16,31-Aug-17, , , ,Profit Before Tax,41.90,42.80,28.70,41.60,33.80
https://www.londonstockexchange.com/exchange/prices-and-markets/stocks/summary/company-summary/GB0000946276GBGBXSSMM.html,Income,30-Apr-14,30-Apr-15,30-Apr-16,30-Apr-17,30-Apr-18, , , ,Profit Before Tax,16.14,5.51,11.24,21.90,17.30
https://www.londonstockexchange.com/exchange/prices-and-markets/stocks/summary/company-summary/GB00BF0F5X78GBGBXSSQ3.html,Income,31-Dec-16, , , , , , , ,Profit Before Tax,n/a
https://www.londonstockexchange.com/exchange/prices-and-markets/stocks/summary/company-summary/GB00BF448H58GBGBXSTMM.html,Income,31-Dec-14,31-Dec-15,31-Dec-16,31-Dec-17, , , , ,Profit Before Tax,-131.60,-34.90,35.50,35.70
https://www.londonstockexchange.com/exchange/prices-and-markets/stocks/summary/company-summary/GB00BD3VFW73GBGBXSTMM.html,Income,31-Dec-15,31-Dec-16, , , , , , ,Profit Before Tax,-110.30,-125.80
https://www.londonstockexchange.com/exchange/prices-and-markets/stocks/summary/company-summary/GB0033698720GBGBXASQ1.html,Income,30-Sep-13,30-Sep-14,30-Sep-15,30-Sep-16,30-Sep-17, , , ,Profit Before Tax,7.70,20.46,7.77,-4.74,1.19
https://www.londonstockexchange.com/exchange/prices-and-markets/stocks/summary/company-summary/VGG2423W1077GBGBXASQ1.html,Income,31-Dec-14,31-Dec-15,31-Dec-16,31-Dec-17, , , , ,Profit Before Tax,-0.30,-0.34,-0.06,3.57
https://www.londonstockexchange.com/exchange/prices-and-markets/stocks/summary/company-summary/GB0002235736GBGBXASQ1.html,Income,30-Apr-13,30-Apr-14,30-Apr-15,30-Apr-16,30-Apr-17, , , ,Profit Before Tax,0.35,-0.78,0.19,0.76,0.46
https://www.londonstockexchange.com/exchange/prices-and-markets/stocks/summary/company-summary/GB00B54X0432GBGBXASX1.html,Income,31-Dec-13,31-Dec-14,31-Dec-15,31-Dec-16,31-Dec-17, , , ,Profit Before Tax,-8.88,-10.42,-11.62,-17.26,-8.69
https://www.londonstockexchange.com/exchange/prices-and-markets/stocks/summary/company-summary/GB00BDCFP425GBGBXASQ1.html,Income,31-Dec-13,31-Dec-14,31-Dec-15,31-Dec-16,31-Dec-17, , , ,Profit Before Tax,-5.26,-0.13,-3.87,-6.47,-7.03
https://www.londonstockexchange.com/exchange/prices-and-markets/stocks/summary/company-summary/GB00B64NSP76GBGBXSSMM.html,Income,31-Dec-13,31-Dec-14,31-Dec-15,31-Dec-16,31-Dec-17, , , ,Profit Before Tax,24.20,23.90,26.10,30.70,38.60
https://www.londonstockexchange.com/exchange/prices-and-markets/stocks/summary/company-summary/GB00BYPHNG03GBGBXSTMM.html,Income,30-Sep-15,30-Sep-16,30-Sep-17, , , , , ,Profit Before Tax,17.44,58.98,112.00
https://www.londonstockexchange.com/exchange/prices-and-markets/stocks/summary/company-summary/GB00B9NWP991GBGBXSSMM.html,Income,31-Dec-13,31-Dec-14,31-Dec-15,31-Dec-16,31-Dec-17, , , ,Profit Before Tax,37.11,78.84,48.62,19.51,-212.75
https://www.londonstockexchange.com/exchange/prices-and-markets/stocks/summary/company-summary/GB00B5W55H93GBGBXAMSM.html,Income,31-Dec-13,31-Dec-14,31-Dec-15,31-Dec-16,31-Dec-17, , , ,Profit Before Tax,-43.22,-7.66,21.90,-1.88,3.42
https://www.londonstockexchange.com/exchange/prices-and-markets/stocks/summary/company-summary/GB00BYZ6H873GBGBXASQ1.html,Income,31-Dec-13,31-Dec-14,31-Dec-15,31-Dec-16,31-Dec-17, , , ,Profit Before Tax,-1.24,-0.96,3.33,-4.34,-13.84
https://www.londonstockexchange.com/exchange/prices-and-markets/stocks/summary/company-summary/GB00B2425G68GBGBXASQ1.html,Income,30-Jun-13,30-Jun-14,30-Jun-15,30-Jun-16,30-Jun-17, , , ,Profit Before Tax,10.60,11.29,12.50,13.92,16.88
https://www.londonstockexchange.com/exchange/prices-and-markets/stocks/summary/company-summary/GB0002318888GBGBXSTMM.html,Income,31-Mar-14,31-Mar-15,31-Mar-16,31-Mar-17,31-Mar-18, , , ,Profit Before Tax,54.76,52.84,58.67,77.49,88.00
https://www.londonstockexchange.com/exchange/prices-and-markets/stocks/summary/company-summary/GB00BD4FQ360GBUSDASQ1.html,Income,31-May-13,31-May-14,31-May-15,31-May-16,31-May-17, , , ,Profit Before Tax,-0.45,-0.88,-0.91,-1.40,3.05
https://www.londonstockexchange.com/exchange/prices-and-markets/stocks/summary/company-summary/GB00B2PQMW21GBGBXASX1.html,Income,31-Jan-14,31-Jan-15,31-Jan-16,29-Jan-17,28-Jan-18, , , ,Profit Before Tax,0.97,1.18,-0.36,-1.39,-13.53
https://www.londonstockexchange.com/exchange/prices-and-markets/stocks/summary/company-summary/GB0002341666GBGBXSSQ3.html,Income,31-Mar-14,31-Mar-15,31-Mar-16,31-Mar-17,31-Mar-18, , , ,Profit Before Tax,0.47,0.85,1.33,1.49,1.61
https://www.londonstockexchange.com/exchange/prices-and-markets/stocks/summary/company-summary/GB00BZ1BLL44GBGBXASQ1.html,Income,30-Jun-16,30-Jun-17, , , , , , ,Profit Before Tax,-1.87,-8.91
https://www.londonstockexchange.com/exchange/prices-and-markets/stocks/summary/company-summary/GB00B8VZXT93GBGBXSTMM.html,Income,31-Oct-13,31-Oct-14,31-Oct-15,31-Oct-16,31-Oct-17, , , ,Profit Before Tax,80.90,116.70,153.80,195.70,203.30
https://www.londonstockexchange.com/exchange/prices-and-markets/stocks/summary/company-summary/GB0002080082GBGBXASX1.html,Income,31-Dec-13,31-Dec-14,31-Dec-15,31-Dec-16,31-Dec-17, , , ,Profit Before Tax,0.02,0.08,0.17,0.35,0.32
https://www.londonstockexchange.com/exchange/prices-and-markets/stocks/summary/company-summary/GB00BYZWX769GBGBXSET1.html,Income,31-Dec-13,31-Dec-14,31-Dec-15,31-Dec-16,31-Dec-17, , , ,Profit Before Tax,250.10,229.40,252.30,275.70,314.10
https://www.londonstockexchange.com/exchange/prices-and-markets/stocks/summary/company-summary/GB00B5MJV178GBGBXASX1.html,Income,30-Jun-13,30-Jun-14,30-Jun-15,30-Jun-16,30-Jun-17, , , ,Profit Before Tax,0.04,0.30,0.36,0.18,0.36
https://www.londonstockexchange.com/exchange/prices-and-markets/stocks/summary/company-summary/GB0002346053GBGBXASX1.html,Income,29-Mar-14,28-Mar-15,02-Apr-16,01-Apr-17,31-Mar-18, , , ,Profit Before Tax,4.77,5.88,6.91,5.64,4.54
https://www.londonstockexchange.com/exchange/prices-and-markets/stocks/summary/company-summary/GB0002577434GBGBXSSQ3.html,Income,30-Jun-13,30-Jun-14,30-Jun-15,30-Jun-16,30-Jun-17, , , ,Profit Before Tax,n/a,n/a,n/a,n/a,n/a
https://www.londonstockexchange.com/exchange/prices-and-markets/stocks/summary/company-summary/AU000000CAS1GBGBXASQ1.html,Income,31-Dec-13,31-Dec-14,31-Dec-15,31-Dec-16,31-Dec-17, , , ,Profit Before Tax,-1.58,-3.45,-9.86,-12.01,-4.32
https://www.londonstockexchange.com/exchange/prices-and-markets/stocks/summary/company-summary/GB00BW0D4R71GBGBXAMSM.html,Income,31-Dec-13,31-Dec-14,31-Dec-15,31-Dec-16,31-Dec-17, , , ,Profit Before Tax,3.04,3.10,4.08,4.49,5.86
https://www.londonstockexchange.com/exchange/prices-and-markets/stocks/summary/company-summary/GB00BD97ND60GBGBXSSQ3.html,Income,31-Dec-16,31-Dec-17, , , , , , ,Profit Before Tax,-0.29,-1.83
https://www.londonstockexchange.com/exchange/prices-and-markets/stocks/summary/company-summary/GB00BJFLFT45GBGBXSSMM.html,Income,31-Mar-15,31-Mar-16,31-Mar-17,31-Mar-18, , , , ,Profit Before Tax,8.75,11.21,24.20,32.42
https://www.londonstockexchange.com/exchange/prices-and-markets/stocks/summary/company-summary/GB00B2863827GBGBXAMSM.html,Income,30-Jun-14,30-Jun-15,30-Jun-16,30-Jun-17,30-Jun-18, , , ,Profit Before Tax,6.30,8.50,9.10,14.50,14.10
https://www.londonstockexchange.com/exchange/prices-and-markets/stocks/summary/company-summary/GB00BF93WP34GBGBXASX1.html,Income,31-Dec-13,31-Dec-14,31-Dec-15,31-Dec-16,31-Dec-17, , , ,Profit Before Tax,-3.26,-3.26,-4.90,-7.94,-11.14
https://www.londonstockexchange.com/exchange/prices-and-markets/stocks/summary/company-summary/GB00BD6GN030GBGBXSTMM.html,Income,30-Sep-15,30-Sep-16,30-Sep-17, , , , , ,Profit Before Tax,-285.00,77.00,268.00
https://www.londonstockexchange.com/exchange/prices-and-markets/stocks/summary/company-summary/GB0001351955GBGBXASQ1.html,Income,31-Dec-13,31-Mar-15,31-Mar-16,31-Mar-17,31-Mar-18, , , ,Profit Before Tax,0.97,0.65,3.22,4.24,4.40
https://www.londonstockexchange.com/exchange/prices-and-markets/stocks/summary/company-summary/GB0002502036GBGBXSTMM.html,Income,31-Mar-14,31-Mar-15,31-Mar-16,31-Mar-17,31-Mar-18, , , ,Profit Before Tax,164.50,271.94,173.24,198.40,201.26
https://www.londonstockexchange.com/exchange/prices-and-markets/stocks/summary/company-summary/GB0009457366GBGBXSSMU.html,Income,30-Sep-13,30-Sep-14,30-Sep-15,30-Sep-16,30-Sep-17, , , ,Profit Before Tax,197.20,252.70,200.70,241.40,-131.70
https://www.londonstockexchange.com/exchange/prices-and-markets/stocks/summary/company-summary/GB0002502812GBGBXSTMM.html,Income,31-Mar-14,31-Mar-15,31-Mar-16,31-Mar-17,31-Mar-18, , , ,Profit Before Tax,53.90,22.10,45.40,40.30,179.20
https://www.londonstockexchange.com/exchange/prices-and-markets/stocks/summary/company-summary/BMG2624N1535GBUSDSSX4.html,Income,31-Dec-13,31-Dec-14,31-Dec-15,31-Dec-16,31-Dec-17, , , ,Profit Before Tax,548.20,532.10,417.50,437.00,341.60
https://www.londonstockexchange.com/exchange/prices-and-markets/stocks/summary/company-summary/BMG2624N1535BMUSDSSX4.html,Income,31-Dec-13,31-Dec-14,31-Dec-15,31-Dec-16,31-Dec-17, , , ,Profit Before Tax,548.20,532.10,417.50,437.00,341.60
https://www.londonstockexchange.com/exchange/prices-and-markets/stocks/summary/company-summary/GB00B1722W11GBGBXAMSM.html,Income,31-Mar-14,31-Mar-15,31-Mar-16,31-Mar-17,31-Mar-18, , , ,Profit Before Tax,42.10,40.60,104.20,90.10,134.60
https://www.londonstockexchange.com/exchange/prices-and-markets/stocks/summary/company-summary/GB00BBD7QB75GBGBXASX1.html,Income,31-Dec-13,31-Dec-14,31-Dec-15,31-Dec-16,31-Dec-17, , , ,Profit Before Tax,-3.11,-1.19,-2.35,-0.14,0.52
https://www.londonstockexchange.com/exchange/prices-and-markets/stocks/summary/company-summary/GB00B3DGH821GBGBXSSMM.html,Income,31-Mar-14,28-Mar-15,26-Mar-16,25-Mar-17,31-Mar-18, , , ,Profit Before Tax,59.80,38.90,54.90,58.20,113.60
https://www.londonstockexchange.com/exchange/prices-and-markets/stocks/summary/company-summary/GB00B126KH97GBGBXSSMM.html,Income,31-Aug-13,30-Aug-14,29-Aug-15,03-Sep-16,02-Sep-17, , , ,Profit Before Tax,154.00,105.80,113.50,105.80,59.00
https://www.londonstockexchange.com/exchange/prices-and-markets/stocks/summary/company-summary/GB0009633180GBGBXSTMM.html,Income,30-Jun-14,30-Jun-15,30-Jun-16,30-Jun-17,30-Jun-18, , , ,Profit Before Tax,21.44,25.81,14.55,28.72,29.20
https://www.londonstockexchange.com/exchange/prices-and-markets/stocks/summary/company-summary/GB00B29YYY86GBGBXASX1.html,Income,31-Dec-13,31-Dec-14,31-Dec-15,31-Dec-16,31-Dec-17, , , ,Profit Before Tax,-1.93,-1.04,-0.39,-0.79,-1.56
https://www.londonstockexchange.com/exchange/prices-and-markets/stocks/summary/company-summary/GB00BYNF4J61GBGBXASQ1.html,Income,31-Dec-14,31-Dec-15,31-Dec-16, , , , , ,Profit Before Tax,0.76,0.36,1.59
